Date,HomeTeam,AwayTeam,FTHG,FTAG,FTR,AvgH,AvgD,AvgA,Avg>2.5,Avg<2.5,HomeTeamElo,AwayTeamElo,EloDifference,Home_AvgGoalsScored,Home_AvgGoalsConceded,Home_Wins,Home_Draws,Home_Losses,Away_AvgGoalsScored,Away_AvgGoalsConceded,Away_Wins,Away_Draws,Away_Losses,HTH_HomeWins,HTH_AwayWins,HTH_Draws,HTH_AvgHomeGoals,HTH_AvgAwayGoals
2022-07-30 12:00:00,Livingston,Rangers,1,2,A,7.89,4.59,1.39,1.84,1.94,1485.0,1515.0,-30.0,0.0,0.0,0,0,0,0.0,0.0,0,0,0,0,0,0,0.0,0.0
2022-07-30 15:00:00,St Johnstone,Hibernian,0,1,A,3.25,3.0,2.37,2.53,1.5,1485.0,1515.0,-30.0,0.0,0.0,0,0,0,0.0,0.0,0,0,0,0,0,0,0.0,0.0
2022-07-30 15:00:00,Hearts,Ross County,2,1,H,1.55,4.08,5.73,1.84,1.94,1515.0,1485.0,30.0,0.0,0.0,0,0,0,0.0,0.0,0,0,0,0,0,0,0.0,0.0
2022-07-30 15:00:00,Kilmarnock,Dundee United,1,1,D,2.43,3.14,3.01,2.25,1.62,1500.0,1500.0,0.0,0.0,0.0,0,0,0,0.0,0.0,0,0,0,0,0,0,0.0,0.0
2022-07-31 15:00:00,St Mirren,Motherwell,0,1,A,2.57,3.14,2.81,2.24,1.62,1485.0,1515.0,-30.0,0.0,0.0,0,0,0,0.0,0.0,0,0,0,0,0,0,0.0,0.0
2022-07-31 16:30:00,Celtic,Aberdeen,2,0,H,1.25,5.75,10.99,1.56,2.38,1515.0,1485.0,30.0,0.0,0.0,0,0,0,0.0,0.0,0,0,0,0,0,0,0.0,0.0
2022-08-06 15:00:00,Aberdeen,St Mirren,4,1,H,1.99,3.28,3.93,2.2,1.64,1500.0,1470.0,30.0,0.0,2.0,0,0,1,0.0,1.0,0,0,1,0,0,0,0.0,0.0
2022-08-06 15:00:00,Motherwell,St Johnstone,1,2,A,2.21,3.09,3.48,2.45,1.53,1498.71,1501.29,-2.58,1.0,0.0,1,0,0,0.0,1.0,0,0,1,0,0,0,0.0,0.0
2022-08-06 15:00:00,Rangers,Kilmarnock,2,0,H,1.21,6.37,13.53,1.54,2.41,1529.35,1485.65,43.71,2.0,1.0,1,0,0,1.0,1.0,0,1,0,0,0,0,0.0,0.0
2022-08-06 15:00:00,Ross County,Celtic,1,3,A,12.3,6.37,1.21,1.49,2.53,1471.29,1528.71,-57.42,1.0,2.0,0,0,1,2.0,0.0,1,0,0,0,0,0,0.0,0.0
2022-08-07 12:00:00,Hibernian,Hearts,1,1,D,2.78,3.15,2.6,2.17,1.66,1515.0,1515.0,0.0,1.0,0.0,1,0,0,2.0,1.0,1,0,0,0,0,0,0.0,0.0
2022-08-07 15:00:00,Dundee United,Livingston,0,1,A,2.37,3.12,3.12,2.33,1.58,1484.35,1500.65,-16.29,1.0,1.0,0,1,0,1.0,2.0,0,0,1,0,0,0,0.0,0.0
2022-08-13 15:00:00,Aberdeen,Motherwell,2,3,A,1.79,3.49,4.66,2.14,1.68,1484.94,1513.76,-28.82,2.0,1.5,1,0,1,1.0,1.0,1,0,1,0,0,0,0.0,0.0
2022-08-13 15:00:00,Livingston,Hibernian,2,1,H,3.16,3.05,2.41,2.44,1.53,1516.27,1499.38,16.89,1.0,1.0,1,0,1,1.0,0.5,1,1,0,0,0,0,0.0,0.0
2022-08-13 15:00:00,Rangers,St Johnstone,4,0,H,1.18,6.65,16.91,1.69,2.15,1543.14,1487.5,55.64,2.0,0.5,2,0,0,1.0,1.0,1,0,1,0,0,0,0.0,0.0
2022-08-13 15:00:00,St Mirren,Ross County,1,0,H,2.35,3.24,3.06,2.15,1.68,1485.06,1456.24,28.82,0.5,2.5,0,0,2,1.0,2.5,0,0,2,0,0,0,0.0,0.0
2022-08-14 12:00:00,Kilmarnock,Celtic,0,5,A,13.55,6.64,1.2,1.5,2.51,1472.5,1541.86,-69.36,0.5,1.5,0,1,1,2.5,0.5,2,0,0,0,0,0,0.0,0.0
2022-08-14 15:00:00,Hearts,Dundee United,4,1,H,1.59,3.9,5.66,1.94,1.85,1528.68,1470.67,58.01,1.5,1.0,1,1,0,0.5,1.0,0,1,1,0,0,0,0.0,0.0
2022-08-20 12:30:00,Hibernian,Rangers,2,2,D,5.42,4.0,1.6,1.86,1.93,1501.26,1541.26,-40.0,1.0,1.0,1,1,1,2.67,0.33,3,0,0,0,0,0,0.0,0.0
2022-08-20 15:00:00,Ross County,Kilmarnock,1,0,H,2.33,3.19,3.13,2.24,1.63,1471.94,1456.8,15.14,0.67,2.0,0,0,3,0.33,2.67,0,1,2,0,0,0,0.0,0.0
2022-08-20 15:00:00,Motherwell,Livingston,1,0,H,2.35,3.12,3.17,2.28,1.61,1528.87,1501.16,27.71,1.67,1.33,2,0,1,1.33,1.0,2,0,1,0,0,0,0.0,0.0
2022-08-20 15:00:00,Dundee United,St Mirren,0,3,A,2.44,3.07,3.08,2.36,1.57,1456.29,1499.44,-43.14,0.67,2.0,0,1,2,0.67,1.67,1,0,2,0,0,0,0.0,0.0
2022-08-20 15:00:00,St Johnstone,Aberdeen,0,1,A,3.45,3.11,2.22,2.43,1.54,1472.39,1500.05,-27.66,0.67,2.0,1,0,2,2.0,2.0,1,0,2,0,0,0,0.0,0.0
2022-08-21 15:00:00,Celtic,Hearts,2,0,H,1.21,6.55,12.42,1.45,2.69,1556.29,1514.25,42.04,3.33,0.33,3,0,0,2.33,1.0,2,1,0,0,0,0,0.0,0.0
2022-08-27 15:00:00,Aberdeen,Livingston,5,0,H,1.76,3.54,4.73,2.13,1.69,1515.1,1486.11,28.99,1.75,1.5,2,0,2,1.0,1.0,2,0,2,0,0,0,0.0,0.0
2022-08-27 15:00:00,Kilmarnock,Motherwell,2,1,H,2.62,3.2,2.72,2.15,1.68,1474.86,1510.8,-35.94,0.25,2.25,0,1,3,1.5,1.0,3,0,1,0,0,0,0.0,0.0
2022-08-27 15:00:00,Rangers,Ross County,4,0,H,1.15,7.64,17.43,1.47,2.62,1553.31,1459.89,93.42,2.5,0.75,3,1,0,0.75,1.5,1,0,3,0,0,0,0.0,0.0
2022-08-27 15:00:00,St Mirren,Hibernian,1,0,H,3.3,3.12,2.29,2.31,1.59,1514.51,1486.18,28.33,1.25,1.25,2,0,2,1.25,1.25,1,2,1,0,0,0,0.0,0.0
2022-08-28 12:00:00,Dundee United,Celtic,0,9,A,16.57,7.62,1.15,1.42,2.76,1445.49,1567.09,-121.59,0.5,2.25,0,1,3,3.0,0.25,4,0,0,0,0,0,0.0,0.0
2022-08-28 15:00:00,Hearts,St Johnstone,3,2,H,1.62,3.72,5.73,2.09,1.72,1527.45,1459.19,68.26,1.75,1.25,2,1,1,0.5,1.75,1,0,3,0,0,0,0.0,0.0
2022-09-03 12:30:00,Celtic,Rangers,4,0,H,1.86,3.69,4.01,1.74,2.08,1581.49,1538.9,42.59,4.2,0.2,5,0,0,2.8,0.6,4,1,0,0,0,0,0.0,0.0
2022-09-03 15:00:00,Motherwell,Dundee United,0,0,D,1.98,3.35,3.89,2.14,1.69,1508.02,1448.28,59.74,1.4,1.2,3,0,2,0.4,3.6,0,1,4,0,0,0,0.0,0.0
2022-09-03 15:00:00,Hibernian,Kilmarnock,1,0,H,1.68,3.69,5.11,2.04,1.76,1500.69,1460.35,40.34,1.0,1.2,1,2,2,0.6,2.0,1,1,3,0,0,0,0.0,0.0
2022-09-03 15:00:00,St Johnstone,St Mirren,3,0,H,2.48,3.05,3.03,2.48,1.52,1476.56,1497.15,-20.59,0.8,2.0,1,0,4,1.2,1.0,3,0,2,0,0,0,0.0,0.0
2022-09-03 15:00:00,Ross County,Aberdeen,1,1,D,3.74,3.34,2.03,2.09,1.72,1462.26,1512.74,-50.48,0.6,2.0,1,0,4,2.4,1.2,3,0,2,0,0,0,0.0,0.0
2022-09-03 15:00:00,Livingston,Hearts,1,0,H,3.28,3.32,2.2,2.04,1.76,1502.89,1510.67,-7.79,0.8,1.8,2,0,3,2.0,1.4,3,1,1,0,0,0,0.0,0.0
2022-09-17 15:00:00,St Johnstone,Ross County,0,0,D,2.32,3.18,3.15,2.35,1.57,1475.94,1462.87,13.07,1.4,1.8,2,0,3,0.6,1.8,1,1,3,0,0,0,0.0,0.0
2022-09-17 15:00:00,Hibernian,Aberdeen,3,1,H,2.31,3.18,3.18,2.2,1.65,1516.21,1497.22,18.99,1.0,1.2,1,2,2,2.6,1.0,3,1,1,0,0,0,0.0,0.0
2022-09-17 15:00:00,Livingston,Kilmarnock,1,0,H,2.0,3.31,3.85,2.18,1.66,1516.06,1447.18,68.88,0.8,1.4,3,0,2,0.4,2.0,1,0,4,0,0,0,0.0,0.0
2022-09-17 15:00:00,Rangers,Dundee United,2,1,H,1.12,8.55,20.86,1.42,2.76,1550.08,1437.11,112.97,2.4,1.2,3,1,1,0.2,3.4,0,1,4,0,0,0,0.0,0.0
2022-09-18 12:00:00,St Mirren,Celtic,2,0,H,15.12,6.95,1.18,1.47,2.62,1515.72,1562.92,-47.2,1.2,1.4,3,0,2,4.6,0.2,5,0,0,0,0,0,0.0,0.0
2022-09-18 15:00:00,Motherwell,Hearts,0,3,A,2.75,3.34,2.5,1.96,1.82,1493.13,1525.56,-32.43,1.2,1.2,2,1,2,1.6,1.4,2,1,2,0,0,0,0.0,0.0
2022-10-01 12:30:00,Hearts,Rangers,0,4,A,4.68,4.02,1.67,1.63,2.24,1511.62,1564.02,-52.41,2.0,1.2,3,0,2,2.4,1.4,3,1,1,0,0,0,0.0,0.0
2022-10-01 15:00:00,St Mirren,Livingston,2,1,H,2.3,3.17,3.23,2.28,1.61,1530.73,1501.05,29.69,1.4,0.6,4,0,1,0.8,1.4,3,0,2,0,0,0,0.0,0.0
2022-10-01 15:00:00,Ross County,Hibernian,0,2,A,3.52,3.35,2.09,2.14,1.69,1450.16,1528.93,-78.77,0.4,1.2,1,2,2,1.4,1.2,2,1,2,0,0,0,0.0,0.0
2022-10-01 15:00:00,Celtic,Motherwell,2,1,H,1.11,9.08,19.06,1.31,3.34,1574.95,1481.1,93.84,4.0,0.4,4,0,1,1.0,1.4,2,1,2,0,0,0,0.0,0.0
2022-10-01 15:00:00,Aberdeen,Kilmarnock,4,1,H,1.69,3.67,5.11,2.04,1.76,1510.07,1434.32,75.75,2.0,1.4,2,1,2,0.4,1.8,1,0,4,0,0,0,0.0,0.0
2022-10-01 15:00:00,Dundee United,St Johnstone,1,2,A,2.48,3.05,3.03,2.41,1.55,1423.78,1489.27,-65.49,0.4,3.6,0,1,4,1.0,1.6,1,1,3,0,0,0,0.0,0.0
2022-10-04 19:45:00,Ross County,Motherwell,0,5,A,2.95,3.21,2.43,2.12,1.7,1436.49,1494.77,-58.28,0.4,1.4,1,2,2,0.6,1.4,1,1,3,0,0,0,0.0,0.0
2022-10-05 19:45:00,Kilmarnock,St Johnstone,2,1,H,2.25,3.14,3.38,2.34,1.58,1451.68,1471.92,-20.24,0.6,1.6,1,0,4,1.4,1.0,2,1,2,0,0,0,0.0,0.0
2022-10-08 12:30:00,St Johnstone,Celtic,1,2,A,12.98,6.74,1.2,1.48,2.59,1461.24,1585.63,-124.39,1.6,1.2,2,1,2,3.4,0.6,4,0,1,0,0,0,0.0,0.0
2022-10-08 15:00:00,Rangers,St Mirren,4,0,H,1.2,6.27,14.17,1.58,2.35,1577.59,1517.16,60.42,2.4,1.4,3,1,1,1.6,0.8,4,0,1,0,0,0,0.0,0.0
2022-10-08 15:00:00,Hibernian,Motherwell,1,0,H,1.79,3.54,4.57,2.09,1.72,1542.46,1481.24,61.22,1.6,0.8,3,1,1,1.4,1.4,1,1,3,0,0,0,0.0,0.0
2022-10-08 15:00:00,Livingston,Ross County,0,1,A,1.93,3.35,4.12,2.18,1.66,1483.29,1454.25,29.04,0.6,1.6,2,0,3,0.2,2.4,0,2,3,0,0,0,0.0,0.0
2022-10-08 18:00:00,Dundee United,Aberdeen,4,0,H,3.55,3.32,2.09,2.07,1.74,1442.43,1491.42,-48.99,0.4,3.2,0,1,4,2.4,1.0,3,1,1,0,0,0,0.0,0.0
2022-10-09 15:00:00,Kilmarnock,Hearts,2,2,D,3.28,3.45,2.14,1.92,1.87,1454.24,1509.05,-54.81,1.0,1.6,2,0,3,1.2,1.8,2,0,3,0,0,0,0.0,0.0
2022-10-11 19:45:00,Dundee United,Hibernian,1,0,H,3.93,3.53,1.91,1.97,1.82,1461.63,1523.25,-61.62,1.2,2.6,1,1,3,1.4,0.4,4,0,1,0,0,0,0.0,0.0
2022-10-15 15:00:00,Livingston,St Johnstone,1,0,H,2.0,3.2,4.03,2.41,1.55,1497.34,1447.19,50.15,0.6,1.6,2,0,3,1.4,1.0,2,1,2,0,0,0,0.0,0.0
2022-10-15 15:00:00,St Mirren,Kilmarnock,0,0,D,2.05,3.28,3.73,2.19,1.65,1514.48,1456.93,57.55,1.0,1.6,3,0,2,1.0,1.8,1,1,3,0,0,0,0.0,0.0
2022-10-15 15:00:00,Ross County,Dundee United,1,1,D,2.41,3.16,3.01,2.21,1.64,1454.56,1461.31,-6.75,0.4,1.6,1,2,2,1.4,0.8,2,1,2,0,0,0,0.0,0.0
2022-10-15 15:00:00,Celtic,Hibernian,6,1,H,1.23,6.02,11.98,1.5,2.51,1597.96,1510.92,87.04,3.4,0.8,4,0,1,1.4,0.4,4,0,1,0,0,0,0.0,0.0
2022-10-16 12:00:00,Motherwell,Rangers,1,2,A,7.86,4.8,1.38,1.65,2.2,1470.3,1588.53,-118.23,1.2,1.2,1,1,3,2.8,1.0,4,0,1,0,0,0,0.0,0.0
2022-10-16 15:00:00,Aberdeen,Hearts,2,0,H,2.28,3.47,2.98,1.83,1.95,1507.18,1493.29,13.89,2.2,1.8,2,1,2,1.6,1.8,2,1,2,0,0,0,0.0,0.0
2022-10-21 19:30:00,Hibernian,St Johnstone,1,2,A,1.63,3.82,5.43,1.97,1.83,1493.2,1464.91,28.29,1.4,1.6,3,0,2,0.8,1.2,1,1,3,1,0,0,1.0,0.0
2022-10-22 12:30:00,Hearts,Celtic,3,4,A,8.04,5.4,1.33,1.48,2.6,1482.68,1608.58,-125.89,1.0,1.8,1,1,3,2.8,1.0,4,0,1,0,1,0,0.0,2.0
2022-10-22 15:00:00,Kilmarnock,Ross County,1,0,H,2.02,3.32,3.79,2.24,1.64,1471.82,1439.67,32.16,1.0,1.6,1,2,2,0.4,1.6,1,2,2,0,1,0,0.0,1.0
2022-10-22 15:00:00,Motherwell,Aberdeen,1,2,A,2.77,3.29,2.53,2.03,1.77,1456.88,1520.6,-63.71,1.4,1.6,1,0,4,1.6,1.8,2,1,2,1,0,0,3.0,2.0
2022-10-22 15:00:00,Rangers,Livingston,1,1,D,1.18,6.78,14.88,1.55,2.39,1584.68,1501.19,83.5,2.4,1.2,4,0,1,0.8,0.6,3,0,2,1,0,0,2.0,1.0
2022-10-22 15:00:00,St Mirren,Dundee United,2,1,H,2.08,3.32,3.59,2.18,1.66,1527.2,1448.59,78.61,0.8,1.6,2,1,2,1.6,1.0,2,1,2,1,0,0,3.0,0.0
2022-10-29 15:00:00,Dundee United,Motherwell,0,1,A,2.62,3.21,2.7,2.12,1.69,1433.95,1471.53,-37.58,1.6,1.0,2,1,2,1.6,1.4,1,0,4,0,0,1,0.0,0.0
2022-10-29 15:00:00,Hibernian,St Mirren,3,0,H,1.76,3.58,4.59,2.06,1.74,1509.66,1510.74,-1.08,1.0,1.8,2,0,3,1.2,1.2,3,1,1,0,1,0,0.0,1.0
2022-10-29 15:00:00,Rangers,Aberdeen,4,1,H,1.35,5.07,8.12,1.6,2.28,1596.95,1508.33,88.62,2.6,0.6,4,1,0,1.8,1.8,3,0,2,0,0,0,0.0,0.0
2022-10-29 15:00:00,St Johnstone,Kilmarnock,1,0,H,2.45,3.04,3.05,2.44,1.53,1480.21,1456.53,23.68,1.2,1.4,2,0,3,1.2,1.4,2,2,1,0,1,0,1.0,2.0
2022-10-30 12:00:00,Livingston,Celtic,0,3,A,10.49,5.64,1.27,1.6,2.3,1490.68,1619.08,-128.4,0.8,0.8,2,1,2,2.8,1.6,4,0,1,0,0,0,0.0,0.0
2022-10-30 15:00:00,Ross County,Hearts,1,2,A,3.69,3.42,2.0,1.98,1.8,1426.51,1495.83,-69.32,0.4,1.8,1,1,3,1.6,2.4,1,1,3,0,1,0,1.0,2.0
2022-11-04 19:30:00,Aberdeen,Hibernian,4,1,H,2.66,3.27,2.64,2.05,1.75,1523.39,1494.6,28.79,1.8,2.0,3,0,2,1.2,1.8,2,0,3,0,1,0,1.0,3.0
2022-11-04 19:45:00,Kilmarnock,Livingston,2,3,A,2.61,3.03,2.88,2.39,1.56,1443.0,1504.21,-61.22,1.0,0.8,2,2,1,0.6,1.4,1,1,3,0,1,0,0.0,1.0
2022-11-05 15:00:00,Celtic,Dundee United,4,2,H,1.09,9.94,23.63,1.29,3.48,1626.77,1426.26,200.51,3.4,1.2,5,0,0,1.4,0.8,2,1,2,1,0,0,9.0,0.0
2022-11-05 15:00:00,Ross County,St Mirren,3,2,H,3.0,3.18,2.42,2.2,1.65,1445.08,1492.17,-47.09,0.6,1.8,1,1,3,0.8,1.8,2,1,2,0,1,0,0.0,1.0
2022-11-06 12:00:00,St Johnstone,Rangers,2,1,H,10.1,5.33,1.29,1.7,2.11,1500.07,1577.09,-77.02,1.0,1.2,2,0,3,3.0,0.6,4,1,0,0,1,0,0.0,4.0
2022-11-06 15:00:00,Hearts,Motherwell,3,2,H,1.93,3.62,3.72,1.78,2.01,1509.78,1457.57,52.21,1.4,2.6,1,1,3,1.6,1.0,2,0,3,1,0,0,3.0,0.0
2022-11-08 19:45:00,Hibernian,Ross County,0,2,A,1.52,4.11,6.23,1.92,1.86,1477.48,1462.2,15.28,1.2,2.6,1,0,4,1.2,1.2,2,1,2,1,0,0,2.0,0.0
2022-11-08 19:45:00,Livingston,Aberdeen,2,1,H,2.78,3.18,2.59,2.2,1.65,1520.04,1507.56,12.48,1.0,1.4,2,1,2,1.8,2.0,3,0,2,0,1,0,0.0,5.0
2022-11-09 19:45:00,St Mirren,St Johnstone,2,2,D,2.03,3.27,3.81,2.32,1.58,1492.51,1499.73,-7.22,0.8,2.2,1,1,3,1.2,1.0,3,0,2,0,1,0,0.0,3.0
2022-11-09 19:45:00,Rangers,Hearts,1,0,H,1.24,6.22,10.89,1.49,2.54,1589.22,1497.65,91.56,2.4,1.0,3,1,1,2.0,2.2,2,1,2,1,0,0,4.0,0.0
2022-11-09 19:45:00,Motherwell,Celtic,1,2,A,9.77,5.78,1.27,1.53,2.44,1449.35,1634.99,-185.64,1.0,1.6,1,0,4,3.8,1.4,5,0,0,0,1,0,1.0,2.0
2022-11-09 19:45:00,Dundee United,Kilmarnock,4,0,H,2.41,3.22,2.98,2.15,1.67,1441.98,1427.27,14.71,1.0,1.6,1,1,3,1.0,1.2,1,2,2,0,0,1,1.0,1.0
2022-11-12 12:30:00,St Mirren,Rangers,1,1,D,7.41,4.73,1.4,1.68,2.14,1496.58,1585.15,-88.57,1.2,1.8,1,2,2,1.8,1.0,3,1,1,0,1,0,0.0,4.0
2022-11-12 15:00:00,Hearts,Livingston,1,1,D,1.98,3.49,3.68,1.96,1.82,1498.62,1519.07,-20.45,1.6,2.0,2,0,3,1.4,1.4,3,1,1,0,1,0,0.0,1.0
2022-11-12 15:00:00,Kilmarnock,Hibernian,1,0,H,3.15,3.33,2.26,2.09,1.72,1444.43,1460.33,-15.9,0.6,1.6,1,1,3,1.2,2.8,1,0,4,0,1,0,0.0,1.0
2022-11-12 15:00:00,St Johnstone,Motherwell,1,1,D,2.55,3.17,2.83,2.24,1.62,1497.57,1451.51,46.06,1.4,1.0,3,1,1,1.2,1.8,1,0,4,1,0,0,2.0,1.0
2022-11-12 15:00:00,Celtic,Ross County,2,1,H,1.09,10.31,26.17,1.34,3.16,1643.09,1454.1,188.99,3.8,1.4,5,0,0,1.4,1.2,2,1,2,1,0,0,3.0,1.0
2022-11-12 18:00:00,Aberdeen,Dundee United,1,0,H,1.74,3.7,4.63,1.97,1.81,1519.76,1429.78,89.98,2.0,1.6,3,0,2,1.6,1.6,1,1,3,0,1,0,0.0,4.0
2022-12-15 20:00:00,Rangers,Hibernian,3,2,H,1.31,5.3,8.88,1.58,2.29,1594.98,1450.5,144.48,1.6,1.0,2,2,1,1.0,1.8,1,0,4,0,0,1,2.0,2.0
2022-12-17 12:30:00,Aberdeen,Celtic,0,1,A,6.8,5.04,1.39,1.48,2.58,1509.88,1652.98,-143.1,1.8,1.6,3,0,2,3.0,1.4,5,0,0,0,1,0,0.0,2.0
2022-12-17 15:00:00,Ross County,St Johnstone,1,2,A,2.68,3.07,2.74,2.38,1.55,1440.97,1510.7,-69.73,1.4,1.4,2,0,3,1.6,1.0,3,2,0,0,0,1,0.0,0.0
2022-12-17 15:00:00,Hearts,Kilmarnock,3,1,H,1.79,3.62,4.39,1.93,1.84,1511.3,1431.75,79.55,1.8,1.8,2,1,2,0.8,1.6,2,0,3,0,0,1,2.0,2.0
2022-12-20 20:00:00,Aberdeen,Rangers,2,3,A,5.91,4.3,1.51,1.68,2.14,1498.48,1606.38,-107.9,1.4,1.6,2,0,3,2.0,1.2,3,1,1,0,1,0,1.0,4.0
2022-12-21 19:45:00,Celtic,Livingston,2,1,H,1.11,8.82,20.36,1.34,3.08,1662.47,1509.59,152.88,2.4,0.8,5,0,0,1.4,1.6,2,2,1,1,0,0,3.0,0.0
2022-12-23 19:30:00,Ross County,Rangers,0,1,A,10.04,5.84,1.27,1.48,2.58,1432.62,1614.73,-182.11,1.6,1.6,2,0,3,1.8,1.4,3,1,1,0,1,0,0.0,4.0
2022-12-23 19:45:00,Motherwell,Kilmarnock,2,2,D,1.97,3.43,3.8,2.1,1.71,1450.66,1432.6,18.06,1.2,1.6,1,1,3,0.8,2.2,1,0,4,0,1,0,1.0,2.0
2022-12-24 12:30:00,Celtic,St Johnstone,4,1,H,1.11,8.71,20.77,1.39,2.89,1671.3,1501.87,169.44,2.2,1.0,5,0,0,1.6,1.0,3,2,0,1,0,0,2.0,1.0
2022-12-24 12:30:00,St Mirren,Aberdeen,3,1,H,2.68,3.27,2.61,2.09,1.72,1511.66,1483.4,28.27,1.4,2.0,1,2,2,1.6,1.4,2,0,3,0,1,0,1.0,4.0
2022-12-24 14:00:00,Dundee United,Hearts,2,2,D,2.96,3.47,2.28,1.82,1.96,1433.24,1507.84,-74.6,1.4,1.6,1,0,4,1.8,1.2,3,1,1,0,1,0,1.0,4.0
2022-12-24 14:00:00,Hibernian,Livingston,4,0,H,1.83,3.45,4.4,2.12,1.7,1468.02,1492.06,-24.04,1.2,2.0,1,0,4,1.4,1.8,2,1,2,0,1,0,1.0,2.0
2022-12-28 19:45:00,St Johnstone,Hearts,2,3,A,3.07,3.25,2.33,2.04,1.75,1487.12,1522.58,-35.46,1.6,1.8,2,2,1,1.8,1.4,2,2,1,0,1,0,2.0,3.0
2022-12-28 19:45:00,Rangers,Motherwell,3,0,H,1.22,6.39,11.92,1.51,2.48,1623.13,1442.26,180.87,1.8,1.0,4,1,0,1.4,1.6,1,2,2,1,0,0,2.0,1.0
2022-12-28 19:45:00,Kilmarnock,Aberdeen,2,1,H,3.0,3.33,2.33,2.06,1.74,1449.78,1466.22,-16.44,1.2,2.4,1,1,3,1.0,1.8,1,0,4,0,1,0,1.0,4.0
2022-12-28 19:45:00,Dundee United,Ross County,3,0,H,1.96,3.4,3.87,2.1,1.71,1448.21,1417.64,30.57,1.6,1.6,1,1,3,1.4,1.4,2,0,3,0,0,1,1.0,1.0
2022-12-28 19:45:00,Livingston,St Mirren,1,1,D,2.43,3.23,2.93,2.19,1.66,1492.9,1510.82,-17.91,1.4,2.0,2,1,2,1.6,2.0,1,2,2,0,1,0,1.0,2.0
2022-12-28 20:00:00,Hibernian,Celtic,0,4,A,6.98,4.96,1.39,1.51,2.48,1460.92,1678.41,-217.49,1.4,2.0,1,0,4,2.2,0.8,5,0,0,0,1,0,1.0,6.0
2023-01-02 12:30:00,Rangers,Celtic,2,2,D,3.16,3.65,2.14,1.67,2.18,1625.5,1676.04,-50.54,2.2,1.0,4,1,0,2.6,0.6,5,0,0,0,1,0,0.0,4.0
2023-01-02 15:00:00,St Johnstone,Dundee United,0,1,A,2.24,3.31,3.2,2.08,1.72,1470.45,1464.88,5.57,1.6,2.2,1,2,2,2.2,1.4,2,1,2,1,0,0,2.0,1.0
2023-01-02 15:00:00,Aberdeen,Ross County,0,0,D,1.64,3.8,5.37,1.92,1.85,1464.14,1419.73,44.41,1.0,1.8,1,0,4,0.8,1.6,1,0,4,0,0,1,1.0,1.0
2023-01-02 15:00:00,Kilmarnock,St Mirren,0,0,D,2.68,3.23,2.63,2.16,1.67,1452.39,1508.21,-55.82,1.2,2.0,2,1,2,1.8,1.6,1,3,1,0,0,1,0.0,0.0
2023-01-02 15:00:00,Hearts,Hibernian,3,0,H,2.14,3.58,3.18,1.73,2.07,1534.95,1448.55,86.4,1.8,1.4,2,2,1,1.2,2.0,1,0,4,0,0,1,1.0,1.0
2023-01-02 15:00:00,Livingston,Motherwell,1,1,D,2.61,3.26,2.68,2.1,1.71,1490.73,1444.43,46.3,1.0,1.8,1,2,2,1.2,2.2,0,2,3,0,1,0,0.0,1.0
2023-01-07 15:00:00,Celtic,Kilmarnock,2,0,H,1.08,10.44,25.33,1.28,3.52,1682.53,1445.9,236.63,2.6,0.8,4,1,0,1.2,1.2,2,2,1,1,0,0,5.0,0.0
2023-01-07 15:00:00,Ross County,Livingston,0,2,A,2.67,3.2,2.67,2.16,1.68,1407.75,1502.71,-94.96,0.4,1.6,0,1,4,0.8,1.8,0,3,2,1,0,0,1.0,0.0
2023-01-07 15:00:00,St Mirren,Hearts,1,1,D,2.82,3.4,2.43,1.9,1.89,1509.36,1533.8,-24.44,1.4,1.0,1,4,0,2.4,1.2,3,2,0,0,0,0,0.0,0.0
2023-01-07 15:00:00,Aberdeen,St Johnstone,2,0,H,1.72,3.7,4.82,2.0,1.8,1479.41,1455.18,24.23,0.8,1.8,0,1,4,1.2,2.0,1,1,3,1,0,0,1.0,0.0
2023-01-08 13:30:00,Motherwell,Hibernian,2,3,A,2.77,3.25,2.54,2.11,1.71,1429.61,1463.38,-33.77,1.0,1.8,0,3,2,1.2,2.2,1,0,4,0,1,0,0.0,1.0
2023-01-08 16:00:00,Dundee United,Rangers,0,2,A,8.97,5.32,1.31,1.56,2.37,1456.36,1634.02,-177.66,2.0,0.6,3,1,1,2.4,1.2,4,1,0,0,1,0,1.0,2.0
2023-01-13 19:45:00,Hearts,St Mirren,1,0,H,1.83,3.64,4.19,1.82,1.96,1547.74,1495.41,52.33,2.4,1.2,3,2,0,1.2,0.8,1,4,0,0,0,1,1.0,1.0
2023-01-14 15:00:00,Motherwell,Ross County,1,1,D,1.78,3.56,4.53,2.05,1.76,1428.67,1408.69,19.97,1.2,2.0,0,3,2,0.2,1.6,0,1,4,1,0,0,5.0,0.0
2023-01-14 15:00:00,St Johnstone,Livingston,2,4,A,2.38,3.11,3.13,2.3,1.6,1442.22,1515.67,-73.45,1.0,2.2,1,0,4,1.0,1.6,1,2,2,0,1,0,0.0,1.0
2023-01-14 15:00:00,Hibernian,Dundee United,2,2,D,1.7,3.75,4.88,1.93,1.86,1463.07,1456.67,6.41,1.8,2.4,2,0,3,1.2,1.0,2,1,2,0,1,0,0.0,1.0
2023-01-18 19:45:00,Hearts,Aberdeen,5,0,H,2.13,3.51,3.26,1.83,1.96,1559.83,1467.32,92.51,2.0,1.0,3,2,0,1.2,1.6,1,1,3,0,1,0,0.0,2.0
2023-01-18 19:45:00,Celtic,St Mirren,4,0,H,1.11,8.97,20.27,1.36,3.02,1690.15,1487.79,202.36,2.8,0.8,4,1,0,1.0,0.8,1,3,1,0,1,0,0.0,2.0
2023-01-18 20:00:00,Kilmarnock,Rangers,2,3,A,8.47,5.14,1.34,1.62,2.25,1438.31,1641.61,-203.3,1.0,1.6,1,2,2,2.2,0.8,4,1,0,0,1,0,0.0,2.0
2023-01-28 15:00:00,St Mirren,Motherwell,1,0,H,2.39,3.21,3.02,2.22,1.64,1500.26,1416.19,84.07,0.4,1.4,0,3,2,1.2,2.0,0,3,2,0,1,0,0.0,1.0
2023-01-28 15:00:00,Ross County,Kilmarnock,3,0,H,2.76,3.15,2.62,2.26,1.62,1424.97,1422.03,2.94,0.2,1.4,0,2,3,1.2,1.6,1,2,2,1,1,0,0.5,0.5
2023-01-28 15:00:00,Hibernian,Aberdeen,6,0,H,2.27,3.49,2.98,1.9,1.89,1478.26,1452.14,26.12,1.8,2.2,2,1,2,0.8,2.0,1,1,3,1,1,0,2.0,2.5
2023-01-28 15:00:00,Rangers,St Johnstone,2,0,H,1.17,6.99,16.23,1.56,2.38,1648.83,1434.99,213.84,2.2,0.8,4,1,0,1.0,2.8,0,0,5,1,1,0,2.5,1.0
2023-01-29 13:30:00,Livingston,Hearts,0,0,D,3.27,3.41,2.16,1.97,1.82,1517.57,1557.94,-40.37,1.6,1.6,2,2,1,2.6,0.6,4,1,0,1,0,1,1.0,0.5
2023-01-29 16:00:00,Dundee United,Celtic,0,2,A,11.27,6.4,1.22,1.45,2.68,1450.46,1696.36,-245.9,1.6,1.2,2,2,1,3.2,0.6,4,1,0,0,2,0,1.0,6.5
2023-01-31 19:45:00,Ross County,Hibernian,1,1,D,3.55,3.38,2.07,2.07,1.74,1427.25,1475.97,-48.72,0.8,1.2,1,2,2,2.2,2.2,2,1,2,1,1,0,1.0,1.0
2023-02-01 19:45:00,Motherwell,St Johnstone,0,2,A,2.08,3.23,3.7,2.21,1.65,1402.01,1449.18,-47.18,0.8,1.8,0,2,3,0.8,2.4,0,0,5,0,1,1,1.0,1.5
2023-02-01 19:45:00,Kilmarnock,Dundee United,1,0,H,2.37,3.23,3.03,2.13,1.7,1438.26,1434.24,4.02,0.8,1.8,1,1,3,1.2,1.2,2,1,2,0,1,1,0.5,2.5
2023-02-01 19:45:00,Celtic,Livingston,3,0,H,1.1,9.47,21.5,1.3,3.35,1704.25,1509.67,194.58,2.8,0.4,4,1,0,1.6,0.8,2,3,0,2,0,0,2.5,0.5
2023-02-01 19:45:00,Aberdeen,St Mirren,1,3,A,2.01,3.41,3.67,2.05,1.76,1439.2,1513.2,-74.0,0.6,2.6,1,1,3,0.4,1.2,1,2,2,1,1,0,2.5,2.0
2023-02-01 19:45:00,Hearts,Rangers,0,3,A,5.25,4.33,1.57,1.61,2.26,1546.77,1660.0,-113.22,2.0,0.2,3,2,0,2.4,0.8,4,1,0,0,2,0,0.0,2.5
2023-02-04 15:00:00,Livingston,Kilmarnock,3,1,H,2.25,3.17,3.32,2.35,1.58,1521.63,1426.3,95.33,1.4,1.2,2,2,1,0.6,1.6,1,1,3,2,0,0,2.0,1.0
2023-02-04 15:00:00,Rangers,Ross County,2,1,H,1.12,8.71,19.23,1.4,2.83,1666.22,1421.03,245.2,2.4,0.8,4,1,0,1.0,0.8,1,3,1,2,0,0,2.5,0.0
2023-02-04 15:00:00,St Mirren,Hibernian,0,1,A,2.72,3.27,2.58,2.07,1.74,1496.6,1492.57,4.03,1.0,1.4,2,1,2,2.4,1.6,2,2,1,1,1,0,0.5,1.5
2023-02-04 15:00:00,Hearts,Dundee United,3,1,H,1.67,3.9,4.88,1.75,2.06,1557.08,1423.93,133.15,1.4,0.8,2,2,1,0.6,1.4,1,1,3,1,0,1,3.0,1.5
2023-02-04 15:00:00,Aberdeen,Motherwell,3,1,H,2.05,3.44,3.52,1.92,1.87,1452.6,1388.6,64.0,0.6,2.8,1,1,3,0.8,1.6,0,2,3,1,1,0,2.0,2.0
2023-02-05 12:00:00,St Johnstone,Celtic,1,4,A,13.42,6.92,1.19,1.43,2.71,1443.56,1709.87,-266.3,0.8,1.8,1,0,4,2.6,0.4,4,1,0,0,2,0,1.0,3.0
2023-02-15 19:45:00,Motherwell,St Mirren,2,1,H,2.49,3.19,2.88,2.16,1.68,1408.12,1477.08,-68.96,0.8,2.0,0,1,4,0.8,1.4,2,0,3,1,1,0,0.5,0.5
2023-02-18 15:00:00,Celtic,Aberdeen,4,0,H,1.15,7.9,16.26,1.38,2.95,1715.43,1447.04,268.38,3.0,0.2,5,0,0,1.2,3.0,2,0,3,2,0,0,1.5,0.0
2023-02-18 15:00:00,Dundee United,St Johnstone,1,2,A,2.26,3.18,3.3,2.3,1.59,1409.78,1457.72,-47.94,0.6,2.0,0,1,4,1.0,2.4,1,0,4,1,1,0,1.0,1.0
2023-02-18 15:00:00,Hibernian,Kilmarnock,2,0,H,1.75,3.7,4.56,1.99,1.8,1504.75,1414.13,90.62,2.6,1.0,3,2,0,0.8,2.2,1,0,4,1,1,0,0.5,0.5
2023-02-18 15:00:00,Livingston,Rangers,0,3,A,8.13,4.93,1.36,1.66,2.18,1512.53,1675.32,-162.78,1.8,1.2,3,1,1,2.4,0.6,5,0,0,0,1,1,1.0,1.5
2023-02-18 15:00:00,St Mirren,Ross County,1,0,H,1.98,3.33,3.92,2.14,1.69,1489.68,1408.43,81.26,1.0,1.6,2,0,3,1.2,1.2,1,2,2,1,1,0,1.5,1.5
2023-02-19 12:00:00,Motherwell,Hearts,2,0,H,3.11,3.42,2.23,1.92,1.87,1429.19,1536.01,-106.83,0.8,1.6,1,1,3,1.8,0.8,3,1,1,0,2,0,1.0,3.0
2023-02-25 15:00:00,Aberdeen,Livingston,1,0,H,1.9,3.53,3.99,2.01,1.79,1464.84,1494.74,-29.9,0.8,3.8,1,0,4,1.4,1.8,2,1,2,1,1,0,3.0,1.0
2023-02-25 15:00:00,Ross County,Dundee United,4,0,H,2.58,3.12,2.84,2.23,1.63,1423.48,1394.72,28.76,1.2,1.0,1,2,2,0.8,2.0,0,1,4,0,1,1,0.5,2.0
2023-02-25 15:00:00,St Johnstone,St Mirren,1,1,D,2.84,3.07,2.61,2.37,1.56,1459.09,1488.31,-29.21,1.4,2.2,2,0,3,1.2,0.8,3,0,2,1,0,1,2.5,1.0
2023-02-25 15:00:00,Kilmarnock,Motherwell,1,1,D,2.46,3.18,2.93,2.19,1.66,1414.78,1428.54,-13.76,0.8,2.2,1,0,4,1.0,1.4,2,0,3,1,0,1,2.0,1.5
2023-03-04 15:00:00,Hearts,St Johnstone,3,0,H,1.74,3.72,4.63,1.89,1.9,1547.75,1447.36,100.38,1.6,1.2,2,1,2,1.2,1.6,2,1,2,2,0,0,3.0,2.0
2023-03-04 15:00:00,Livingston,Hibernian,1,4,A,2.98,3.2,2.43,2.15,1.69,1480.17,1519.32,-39.14,0.6,1.6,1,1,3,2.4,0.6,3,2,0,1,1,0,1.0,2.5
2023-03-04 15:00:00,Rangers,Kilmarnock,3,1,H,1.17,7.26,15.76,1.5,2.52,1680.79,1409.3,271.49,2.6,0.6,5,0,0,0.6,1.8,1,1,3,2,0,0,2.5,1.0
2023-03-04 15:00:00,Ross County,Motherwell,0,2,A,2.53,3.19,2.84,2.17,1.67,1408.7,1443.32,-34.62,1.8,0.8,2,1,2,1.2,1.4,2,1,2,0,1,1,0.5,3.0
2023-03-04 18:00:00,Dundee United,Aberdeen,1,3,A,3.13,3.4,2.23,1.96,1.83,1382.71,1476.85,-94.14,0.4,2.4,0,0,5,1.0,2.8,2,0,3,1,1,0,2.0,0.5
2023-03-05 12:00:00,St Mirren,Celtic,1,5,A,11.52,6.03,1.23,1.55,2.36,1481.92,1721.82,-239.9,1.2,1.0,2,1,2,3.4,0.2,5,0,0,1,1,0,1.0,2.0
2023-03-08 19:45:00,Livingston,Dundee United,1,1,D,2.21,3.25,3.33,2.23,1.64,1476.07,1386.81,89.26,0.8,2.4,1,0,4,0.6,2.6,0,0,5,1,0,0,1.0,0.0
2023-03-08 19:45:00,Celtic,Hearts,3,1,H,1.19,7.02,12.99,1.35,3.1,1729.87,1539.69,190.18,3.6,0.4,5,0,0,1.2,1.2,2,1,2,2,0,0,3.0,1.5
2023-03-08 19:45:00,Hibernian,Rangers,1,4,A,5.6,4.23,1.55,1.7,2.12,1510.82,1689.28,-178.46,2.8,0.4,4,1,0,2.6,0.4,5,0,0,0,1,1,2.0,2.5
2023-03-18 12:30:00,Motherwell,Rangers,2,4,A,7.64,5.02,1.37,1.58,2.33,1437.46,1695.14,-257.68,1.6,1.0,3,1,1,3.0,0.6,5,0,0,0,2,0,0.5,2.5
2023-03-18 15:00:00,Aberdeen,Hearts,3,0,H,2.47,3.44,2.75,1.81,1.98,1494.54,1522.01,-27.47,1.6,1.8,3,0,2,1.4,1.8,2,0,3,1,1,0,1.0,2.5
2023-03-18 15:00:00,Dundee United,St Mirren,1,1,D,2.73,3.24,2.61,2.16,1.68,1390.81,1477.91,-87.1,0.8,2.6,0,1,4,0.8,1.8,1,1,3,0,2,0,0.5,2.5
2023-03-18 15:00:00,Celtic,Hibernian,3,1,H,1.17,7.52,14.46,1.37,2.97,1736.5,1504.2,232.3,3.8,0.6,5,0,0,1.8,1.2,3,1,1,2,0,0,5.0,0.5
2023-03-18 15:00:00,Livingston,Ross County,2,1,H,2.16,3.25,3.46,2.24,1.63,1488.2,1396.57,91.62,1.0,2.0,1,1,3,1.2,1.2,1,1,3,1,1,0,1.0,0.5
2023-03-18 15:00:00,Kilmarnock,St Johnstone,1,1,D,2.17,3.19,3.51,2.34,1.58,1410.94,1445.72,-34.79,0.8,1.8,1,1,3,1.2,1.8,2,1,2,1,1,0,1.0,1.0
2023-04-01 15:00:00,St Mirren,Livingston,3,0,H,2.08,3.26,3.65,2.31,1.59,1493.36,1472.75,20.6,1.0,1.8,1,2,2,0.8,2.0,1,1,3,1,0,1,1.5,1.0
2023-04-01 15:00:00,Kilmarnock,Hearts,2,1,H,2.93,3.44,2.33,1.86,1.92,1430.58,1502.37,-71.79,0.8,2.0,0,2,3,1.4,1.8,2,0,3,0,1,1,1.5,2.5
2023-04-01 15:00:00,Rangers,Dundee United,2,0,H,1.12,8.63,20.5,1.38,2.92,1699.58,1386.38,313.2,3.2,1.0,5,0,0,0.8,2.2,0,2,3,2,0,0,2.0,0.5
2023-04-01 15:00:00,St Johnstone,Aberdeen,0,1,A,3.01,3.17,2.42,2.19,1.66,1432.82,1507.44,-74.62,1.0,2.0,1,2,2,2.0,1.2,4,0,1,0,2,0,0.0,1.5
2023-04-01 15:00:00,Hibernian,Motherwell,1,3,A,1.8,3.57,4.38,1.95,1.83,1486.35,1455.31,31.05,1.8,1.6,3,0,2,1.8,1.2,3,1,1,2,0,0,2.0,1.0
2023-04-02 12:00:00,Ross County,Celtic,0,2,A,15.42,7.87,1.15,1.39,2.9,1392.86,1740.21,-347.35,1.2,1.4,1,0,4,3.8,0.8,5,0,0,0,2,0,1.0,2.5
2023-04-08 12:30:00,Celtic,Rangers,3,2,H,1.71,4.01,4.43,1.63,2.24,1753.46,1686.32,67.14,3.4,0.6,5,0,0,3.2,0.8,5,0,0,1,0,1,3.0,1.0
2023-04-08 15:00:00,St Johnstone,Ross County,0,2,A,2.3,3.17,3.23,2.35,1.57,1416.1,1409.58,6.52,0.8,1.4,1,2,2,1.0,1.4,1,0,4,1,0,1,1.0,0.5
2023-04-08 15:00:00,Motherwell,Livingston,3,0,H,2.18,3.31,3.33,2.1,1.71,1471.06,1457.0,14.06,2.0,1.2,3,1,1,0.8,2.0,1,1,3,1,0,1,1.0,0.5
2023-04-08 15:00:00,Aberdeen,Kilmarnock,2,0,H,1.79,3.57,4.51,1.99,1.8,1519.18,1418.84,100.33,1.6,1.0,4,0,1,1.0,1.6,1,2,2,1,1,0,2.5,1.5
2023-04-08 15:00:00,Hearts,St Mirren,0,2,A,2.12,3.46,3.36,1.88,1.9,1486.98,1508.74,-21.77,1.0,2.0,1,0,4,1.4,1.4,2,2,1,1,0,1,1.0,0.5
2023-04-09 12:00:00,Dundee United,Hibernian,2,1,H,3.4,3.36,2.12,2.0,1.79,1405.58,1467.15,-61.57,0.6,2.2,0,2,3,1.8,2.2,2,0,3,1,0,1,1.5,1.0
2023-04-14 19:45:00,Ross County,Aberdeen,0,1,A,3.3,3.37,2.18,1.99,1.8,1399.16,1529.6,-130.44,1.4,1.2,2,0,3,2.0,0.2,5,0,0,0,0,2,0.5,0.5
2023-04-15 12:30:00,Hibernian,Hearts,1,0,H,2.27,3.45,3.04,1.79,2.0,1483.01,1471.12,11.88,1.6,2.6,1,0,4,1.0,2.0,1,0,4,0,1,1,0.5,2.0
2023-04-15 15:00:00,Motherwell,Dundee United,1,2,A,1.96,3.39,3.94,2.06,1.74,1453.26,1423.37,29.89,2.2,1.2,3,1,1,1.0,1.6,1,2,2,1,0,1,0.5,0.0
2023-04-15 15:00:00,Rangers,St Mirren,5,2,H,1.19,6.6,15.37,1.59,2.32,1694.26,1500.81,193.45,3.0,1.4,4,0,1,1.6,1.4,2,2,1,1,0,1,2.5,0.5
2023-04-15 15:00:00,Livingston,St Johnstone,2,0,H,2.23,3.22,3.37,2.32,1.59,1470.24,1402.86,67.39,0.8,2.4,1,1,3,0.4,1.6,0,2,3,2,0,0,2.5,1.0
2023-04-16 12:00:00,Kilmarnock,Celtic,1,4,A,13.95,7.05,1.18,1.44,2.73,1415.03,1757.28,-342.25,1.0,1.6,1,2,2,3.2,1.0,5,0,0,0,2,0,0.0,3.5
2023-04-22 12:30:00,Hearts,Ross County,6,1,H,1.72,3.85,4.61,1.78,2.01,1483.06,1387.22,95.84,0.4,2.2,0,0,5,0.6,1.4,1,0,4,2,0,0,2.0,1.0
2023-04-22 15:00:00,Celtic,Motherwell,1,1,D,1.09,10.19,23.64,1.26,3.71,1746.72,1463.82,282.9,3.0,1.0,5,0,0,2.2,1.4,3,0,2,2,0,0,2.0,1.0
2023-04-22 15:00:00,Dundee United,Livingston,2,0,H,2.41,3.23,3.01,2.07,1.74,1440.39,1453.23,-12.85,1.2,1.2,2,2,1,1.0,1.6,2,1,2,0,1,1,0.5,1.0
2023-04-22 15:00:00,St Johnstone,Hibernian,1,1,D,3.25,3.36,2.21,2.03,1.76,1406.26,1479.61,-73.35,0.2,1.8,0,1,4,1.0,2.4,1,0,4,1,1,0,1.0,1.0
2023-04-22 15:00:00,St Mirren,Kilmarnock,0,2,A,2.03,3.39,3.71,2.12,1.7,1482.18,1433.66,48.52,1.8,2.2,2,1,2,1.0,2.2,1,1,3,0,0,2,0.0,0.0
2023-04-23 16:30:00,Aberdeen,Rangers,2,0,H,5.65,4.45,1.52,1.55,2.38,1551.22,1672.64,-121.42,2.0,0.2,5,0,0,3.4,1.6,4,0,1,0,2,0,1.5,3.5
2023-05-06 15:00:00,Hibernian,St Mirren,2,1,H,2.02,3.38,3.73,2.13,1.69,1494.72,1467.07,27.65,1.0,1.8,1,1,3,1.6,1.6,2,1,2,2,1,0,1.33,0.33
2023-05-06 15:00:00,Ross County,Livingston,2,0,H,2.54,3.22,2.83,2.24,1.63,1405.04,1435.42,-30.38,0.8,2.2,1,0,4,0.8,1.8,2,0,3,1,2,0,0.67,1.33
2023-05-06 15:00:00,St Johnstone,Dundee United,1,0,H,2.4,3.21,3.03,2.22,1.64,1422.73,1423.92,-1.19,0.4,1.4,0,2,3,1.4,1.0,3,1,1,2,1,0,1.33,1.0
2023-05-06 15:00:00,Motherwell,Kilmarnock,2,0,H,2.18,3.33,3.34,2.03,1.76,1477.52,1419.96,57.57,2.0,1.6,2,1,2,1.2,1.6,2,1,2,0,1,2,1.33,1.67
2023-05-07 14:15:00,Hearts,Celtic,0,2,A,8.23,5.51,1.32,1.44,2.72,1477.67,1752.11,-274.45,1.4,1.8,1,0,4,2.6,1.0,4,1,0,0,3,0,1.33,3.0
2023-05-07 15:00:00,Rangers,Aberdeen,1,0,H,1.28,5.7,9.69,1.51,2.48,1682.6,1541.25,141.35,2.6,1.8,3,0,2,1.8,0.0,5,0,0,2,1,0,2.33,1.67
2023-05-13 12:30:00,Rangers,Celtic,3,0,H,2.86,3.5,2.38,1.7,2.12,1700.56,1734.15,-33.59,2.0,1.4,3,0,2,2.4,0.8,4,1,0,0,2,1,1.33,3.0
2023-05-13 15:00:00,Dundee United,Ross County,1,3,A,2.33,3.29,3.07,2.07,1.74,1408.1,1420.85,-12.75,1.2,1.0,3,0,2,1.0,1.8,2,0,3,1,1,1,1.33,1.67
2023-05-13 15:00:00,Kilmarnock,Livingston,2,0,H,2.03,3.44,3.64,2.08,1.73,1435.62,1419.75,15.87,1.0,1.8,2,0,3,0.4,2.0,1,0,4,0,3,0,1.0,2.33
2023-05-13 15:00:00,St Johnstone,Motherwell,0,2,A,2.76,3.06,2.71,2.22,1.64,1410.07,1490.18,-80.1,0.4,1.2,1,1,3,2.0,0.8,3,1,1,2,0,1,1.67,0.67
2023-05-13 15:00:00,St Mirren,Hearts,2,2,D,2.65,3.34,2.62,1.97,1.81,1467.52,1477.21,-9.69,1.6,1.8,2,0,3,1.4,1.6,1,0,4,1,1,1,1.0,0.67
2023-05-13 15:00:00,Aberdeen,Hibernian,0,0,D,2.11,3.45,3.41,1.87,1.9,1539.26,1496.72,42.54,1.2,0.2,4,0,1,1.2,1.4,2,1,2,1,2,0,1.67,3.33
2023-05-20 12:30:00,Hearts,Aberdeen,2,1,H,2.28,3.48,3.01,1.8,1.99,1494.86,1521.61,-26.75,1.6,1.6,1,1,3,1.0,0.2,3,1,1,1,2,0,1.67,1.67
2023-05-20 15:00:00,Motherwell,Ross County,1,0,H,2.11,3.37,3.5,2.01,1.78,1502.22,1408.81,93.42,1.8,0.6,3,1,1,1.6,1.6,3,0,2,2,0,1,2.67,0.33
2023-05-20 15:00:00,Livingston,Dundee United,2,1,H,2.32,3.27,3.1,2.13,1.7,1434.25,1393.61,40.64,0.4,1.8,1,0,4,1.4,1.2,3,0,2,1,1,1,0.67,1.0
2023-05-20 15:00:00,Kilmarnock,St Johnstone,0,1,A,2.05,3.34,3.71,2.18,1.66,1419.52,1426.17,-6.65,1.0,1.6,2,0,3,0.4,1.4,1,1,3,1,1,1,1.0,1.0
2023-05-20 15:00:00,Celtic,St Mirren,2,2,D,1.14,8.46,17.78,1.43,2.73,1724.47,1477.2,247.27,2.0,1.4,3,1,1,1.4,2.2,1,1,3,2,1,0,3.0,1.0
2023-05-21 12:00:00,Hibernian,Rangers,1,3,A,5.65,4.29,1.54,1.65,2.2,1489.63,1707.65,-218.02,1.0,0.8,2,2,1,2.2,1.4,3,0,2,0,2,1,1.67,3.0
2023-05-24 19:45:00,Hibernian,Celtic,4,2,H,6.53,4.91,1.43,1.49,2.56,1513.46,1700.64,-187.18,1.0,1.0,2,2,1,1.8,1.4,2,2,1,0,3,0,0.67,4.33
2023-05-24 19:45:00,Livingston,Motherwell,1,1,D,2.99,3.17,2.46,2.17,1.67,1437.14,1499.33,-62.18,0.8,1.4,2,0,3,1.4,0.6,3,1,1,0,2,1,0.33,1.67
2023-05-24 19:45:00,Rangers,Hearts,2,2,D,1.34,5.44,7.97,1.43,2.73,1699.46,1503.05,196.41,2.4,1.0,4,0,1,2.0,1.4,2,1,2,3,0,0,2.67,0.0
2023-05-24 19:45:00,Ross County,St Johnstone,3,3,D,2.17,3.32,3.4,2.09,1.72,1409.56,1425.43,-15.87,1.2,1.8,2,0,3,0.6,1.0,2,1,2,1,1,1,1.0,0.67
2023-05-24 19:45:00,Aberdeen,St Mirren,3,0,H,1.94,3.48,3.93,1.96,1.82,1534.7,1464.11,70.59,0.8,0.6,2,1,2,1.4,2.6,0,2,3,1,2,0,2.0,2.33
2023-05-24 19:45:00,Dundee United,Kilmarnock,0,3,A,2.46,3.32,2.86,1.93,1.85,1379.72,1433.41,-53.68,1.2,1.4,2,0,3,1.0,1.4,2,0,3,1,1,1,1.67,0.67
2023-05-27 12:30:00,St Mirren,Rangers,0,3,A,7.06,4.6,1.43,1.64,2.23,1457.96,1705.61,-247.66,1.0,2.2,0,2,3,1.8,1.0,3,1,1,0,2,1,1.0,3.33
2023-05-27 12:30:00,Celtic,Aberdeen,5,0,H,1.19,7.23,11.87,1.33,3.23,1708.97,1526.37,182.61,1.4,2.0,1,2,2,1.2,0.6,2,1,2,3,0,0,2.33,0.0
2023-05-27 12:30:00,Hearts,Hibernian,1,1,D,2.1,3.56,3.32,1.7,2.12,1503.5,1513.01,-9.52,2.4,1.6,2,2,1,1.6,1.4,2,2,1,1,1,1,1.33,0.67
2023-05-28 15:00:00,Kilmarnock,Ross County,3,1,H,2.06,3.34,3.61,2.06,1.74,1447.38,1395.58,51.79,1.4,0.6,3,0,2,1.8,2.2,2,1,2,1,2,0,0.33,1.33
2023-05-28 15:00:00,Motherwell,Dundee United,3,2,H,1.9,3.63,3.83,1.79,1.99,1509.36,1369.69,139.67,1.4,0.4,3,2,0,0.8,1.8,1,0,4,1,1,1,0.67,0.67
2023-05-28 15:00:00,St Johnstone,Livingston,2,0,H,2.22,3.13,3.45,2.35,1.58,1440.93,1421.64,19.29,1.2,1.2,2,2,1,0.6,1.6,1,1,3,0,3,0,0.67,2.33
2023-08-05 12:30:00,Celtic,Ross County,4,2,H,1.11,9.64,19.29,1.27,3.6,1713.21,1391.34,321.87,2.2,1.8,2,1,2,1.8,1.6,2,1,2,3,0,0,2.33,0.67
2023-08-05 15:00:00,St Johnstone,Hearts,0,2,A,3.13,3.5,2.2,1.82,1.97,1428.6,1515.82,-87.22,1.4,1.0,3,1,1,1.4,1.6,1,3,1,0,3,0,1.33,3.0
2023-08-05 15:00:00,Dundee,Motherwell,1,1,D,2.57,3.3,2.72,1.97,1.82,1500.4,1508.95,-8.55,0.0,0.0,0,0,0,1.8,0.6,4,1,0,0,0,0,0.0,0.0
2023-08-05 15:00:00,Livingston,Aberdeen,0,0,D,2.87,3.26,2.47,2.03,1.77,1426.03,1521.98,-95.95,0.6,1.6,1,1,3,0.8,1.6,1,1,3,1,2,0,0.67,2.33
2023-08-05 17:15:00,Kilmarnock,Rangers,1,0,H,6.81,4.85,1.41,1.53,2.44,1471.84,1681.15,-209.3,1.6,0.8,3,0,2,2.4,0.6,4,1,0,0,3,0,1.0,2.67
2023-08-06 15:00:00,Hibernian,St Mirren,2,3,A,1.89,3.52,3.98,1.94,1.84,1495.66,1475.32,20.34,1.6,1.4,2,2,1,1.0,2.4,0,2,3,3,1,0,1.5,0.5
2023-08-12 15:00:00,Rangers,Livingston,4,0,H,1.28,5.75,9.66,1.49,2.55,1686.76,1420.41,266.35,2.2,0.8,3,1,1,0.6,1.2,1,2,2,2,0,1,2.0,0.67
2023-08-12 15:00:00,Ross County,St Johnstone,2,0,H,2.12,3.23,3.61,2.23,1.63,1407.94,1412.0,-4.06,1.8,2.4,1,1,3,1.2,1.4,2,1,2,1,1,2,1.5,1.25
2023-08-12 15:00:00,St Mirren,Dundee,2,1,H,2.07,3.37,3.58,2.06,1.74,1491.4,1484.32,7.07,1.4,2.4,1,2,2,1.0,1.0,0,1,0,0,0,0,0.0,0.0
2023-08-13 12:00:00,Aberdeen,Celtic,1,3,A,7.89,5.39,1.34,1.44,2.7,1514.49,1720.7,-206.21,0.8,1.4,1,2,2,2.6,2.2,2,1,2,0,4,0,0.0,3.0
2023-08-13 15:00:00,Hearts,Kilmarnock,0,0,D,1.85,3.61,4.11,1.85,1.93,1513.94,1473.73,40.2,1.8,1.2,2,3,0,1.8,0.4,4,0,1,1,1,1,2.0,1.67
2023-08-13 15:00:00,Motherwell,Hibernian,2,1,H,2.56,3.32,2.71,2.0,1.78,1523.38,1481.23,42.15,1.6,0.8,3,2,0,1.6,1.8,1,2,2,1,2,0,1.67,1.67
2023-08-26 12:30:00,Ross County,Rangers,0,2,A,8.36,5.24,1.34,1.59,2.34,1402.93,1691.78,-288.85,1.6,2.2,1,1,3,2.4,0.8,3,1,1,0,3,0,0.33,2.33
2023-08-26 15:00:00,Hibernian,Livingston,2,3,A,1.81,3.68,4.26,1.93,1.85,1463.63,1438.01,25.62,1.8,2.2,1,1,3,0.6,1.6,1,2,2,2,1,0,3.0,1.0
2023-08-26 15:00:00,Motherwell,Kilmarnock,2,1,H,2.42,3.24,2.98,2.11,1.72,1536.25,1460.86,75.39,1.6,1.0,3,2,0,1.4,0.4,3,1,1,1,1,2,1.5,1.25
2023-08-26 15:00:00,Celtic,St Johnstone,0,0,D,1.04,14.52,35.46,1.28,3.58,1710.04,1422.66,287.38,3.2,1.8,3,1,1,1.2,1.4,2,1,2,3,0,0,3.33,1.0
2023-08-27 15:00:00,Dundee,Hearts,1,0,H,2.89,3.42,2.37,1.91,1.88,1500.6,1497.66,2.94,1.0,1.5,0,1,1,1.4,0.8,2,3,0,0,0,0,0.0,0.0
2023-08-27 15:00:00,St Mirren,Aberdeen,2,2,D,2.3,3.28,3.11,2.03,1.77,1492.39,1513.49,-21.1,1.4,2.2,2,1,2,1.0,2.0,1,1,3,2,2,0,1.75,2.25
2023-09-02 15:00:00,St Johnstone,Dundee,2,2,D,2.66,3.23,2.67,2.13,1.69,1425.97,1497.29,-71.32,1.0,1.4,1,2,2,1.0,1.0,1,1,1,0,0,0,0.0,0.0
2023-09-02 15:00:00,Livingston,St Mirren,1,1,D,2.83,3.06,2.63,2.34,1.58,1440.34,1490.06,-49.72,0.8,1.8,1,2,2,1.4,2.2,2,1,2,0,2,1,0.67,2.0
2023-09-02 15:00:00,Kilmarnock,Ross County,0,1,A,1.86,3.54,4.13,2.02,1.78,1443.38,1420.4,22.98,1.6,0.6,3,1,1,1.6,2.4,1,1,3,2,2,0,1.0,1.25
2023-09-03 12:00:00,Rangers,Celtic,0,1,A,2.38,3.61,2.74,1.59,2.32,1677.57,1724.25,-46.69,2.2,0.6,3,1,1,2.8,1.4,3,1,1,1,2,1,1.75,2.25
2023-09-03 15:00:00,Hearts,Motherwell,0,1,A,2.0,3.53,3.59,1.86,1.92,1484.32,1549.59,-65.27,1.0,0.8,1,3,1,1.8,1.2,3,2,0,2,1,0,2.0,1.33
2023-09-03 15:00:00,Aberdeen,Hibernian,0,2,A,2.27,3.36,3.1,1.94,1.85,1496.35,1480.77,15.59,1.2,2.0,1,2,2,2.0,2.2,1,1,3,1,2,1,1.25,2.5
2023-09-16 12:30:00,St Johnstone,Rangers,0,2,A,11.47,6.11,1.23,1.53,2.44,1420.26,1683.28,-263.01,0.8,1.2,1,2,2,1.8,0.4,3,0,2,1,2,0,0.67,2.33
2023-09-16 15:00:00,Motherwell,St Mirren,0,1,A,2.3,3.18,3.21,2.29,1.6,1532.05,1507.61,24.44,1.8,1.0,4,1,0,1.6,1.8,2,2,1,2,1,0,1.0,0.67
2023-09-16 15:00:00,Kilmarnock,Hibernian,2,2,D,2.54,3.29,2.75,2.0,1.79,1444.99,1479.16,-34.17,1.0,0.8,2,1,2,1.6,1.8,1,1,3,1,2,0,0.33,1.0
2023-09-16 15:00:00,Ross County,Livingston,1,1,D,2.39,3.27,2.97,2.04,1.76,1421.26,1439.48,-18.22,1.2,1.8,2,0,3,0.8,1.8,1,2,2,2,2,0,1.0,1.0
2023-09-16 15:00:00,Celtic,Dundee,3,0,H,1.12,9.16,18.29,1.34,3.16,1730.65,1490.9,239.75,2.6,0.6,4,1,0,1.25,1.25,1,2,1,0,0,0,0.0,0.0
2023-09-16 15:00:00,Hearts,Aberdeen,2,0,H,2.1,3.53,3.32,1.76,2.05,1499.84,1480.84,19.0,0.6,0.6,1,2,2,0.6,2.4,0,2,3,2,2,0,1.75,1.5
2023-09-23 12:30:00,Livingston,Celtic,0,3,A,10.28,5.96,1.26,1.51,2.5,1434.75,1735.37,-300.62,1.0,1.6,1,3,1,2.2,0.6,4,1,0,0,3,0,0.33,2.67
2023-09-23 15:00:00,St Mirren,Hearts,1,0,H,2.62,3.19,2.74,2.11,1.71,1522.27,1485.17,37.1,1.8,1.2,3,2,0,0.8,0.4,2,1,2,1,1,2,1.25,1.0
2023-09-23 15:00:00,Hibernian,St Johnstone,2,0,H,1.59,4.03,5.48,1.88,1.9,1491.64,1407.78,83.86,1.8,2.0,1,1,3,0.4,1.6,0,2,3,1,1,1,1.0,1.0
2023-09-23 15:00:00,Dundee,Kilmarnock,2,2,D,2.51,3.24,2.84,2.11,1.71,1488.93,1446.96,41.96,1.0,1.6,1,2,2,0.8,1.0,1,2,2,0,0,0,0.0,0.0
2023-09-24 15:00:00,Aberdeen,Ross County,4,0,H,1.95,3.48,3.83,1.91,1.87,1493.29,1408.81,84.48,0.6,1.8,0,2,3,1.2,1.4,2,1,2,1,0,2,0.67,0.33
2023-09-24 15:00:00,Rangers,Motherwell,1,0,H,1.23,6.2,11.6,1.55,2.41,1692.13,1523.19,168.94,1.6,0.4,3,0,2,1.2,0.8,3,1,1,3,0,0,3.0,1.0
2023-09-30 12:30:00,Motherwell,Celtic,1,2,A,9.69,5.54,1.29,1.58,2.34,1516.36,1742.21,-225.84,1.0,0.8,3,0,2,2.0,0.2,4,1,0,0,2,1,1.0,1.67
2023-09-30 15:00:00,St Johnstone,Livingston,1,1,D,2.58,3.09,2.85,2.33,1.59,1408.94,1433.59,-24.65,0.4,1.6,0,2,3,1.0,2.2,1,2,2,1,3,0,1.0,1.75
2023-09-30 15:00:00,Ross County,Hearts,0,1,A,3.16,3.5,2.19,1.78,2.01,1397.06,1496.93,-99.87,0.8,1.4,2,1,2,0.4,0.6,1,1,3,0,3,0,1.0,3.33
2023-09-30 15:00:00,Hibernian,Dundee,0,0,D,1.75,3.88,4.3,1.72,2.08,1491.52,1489.04,2.48,1.8,1.4,2,1,2,1.2,1.8,1,2,2,0,0,0,0.0,0.0
2023-09-30 15:00:00,Kilmarnock,St Mirren,1,1,D,2.36,3.26,3.04,2.19,1.66,1450.16,1519.07,-68.91,1.0,1.4,0,3,2,1.4,0.8,3,2,0,1,0,2,0.67,0.0
2023-09-30 15:00:00,Rangers,Aberdeen,1,3,A,1.26,5.86,10.26,1.47,2.61,1669.37,1516.04,153.33,1.8,0.2,4,0,1,1.4,1.8,1,1,3,3,1,0,2.0,1.25
2023-10-07 15:00:00,Celtic,Kilmarnock,3,1,H,1.19,7.07,12.94,1.44,2.71,1746.91,1445.45,301.46,1.8,0.2,4,1,0,1.2,1.6,0,3,2,3,0,0,3.67,0.33
2023-10-07 15:00:00,Hearts,Hibernian,2,2,D,2.27,3.44,3.03,1.83,1.95,1496.7,1491.76,4.94,0.6,0.6,2,0,3,1.6,1.0,2,2,1,1,1,2,1.25,0.75
2023-10-07 15:00:00,Livingston,Motherwell,2,0,H,2.77,3.16,2.6,2.21,1.65,1452.1,1497.85,-45.76,1.2,1.6,1,3,1,0.8,1.0,2,0,3,0,2,2,0.5,1.5
2023-10-08 12:00:00,St Mirren,Rangers,0,3,A,5.92,4.43,1.49,1.62,2.23,1510.18,1678.26,-168.08,1.2,0.8,2,3,0,1.2,0.8,3,0,2,0,3,1,0.75,3.25
2023-10-08 15:00:00,Aberdeen,St Johnstone,0,0,D,1.59,3.87,5.6,1.92,1.85,1511.56,1413.43,98.14,1.8,1.4,2,1,2,0.6,1.4,0,3,2,3,0,0,1.33,0.0
2023-10-21 15:00:00,Rangers,Hibernian,4,0,H,1.36,5.03,7.89,1.57,2.35,1685.9,1484.12,201.79,1.4,0.8,3,0,2,1.6,0.8,2,3,0,3,0,1,3.0,1.5
2023-10-21 15:00:00,Kilmarnock,Livingston,3,1,H,1.92,3.45,4.03,2.16,1.67,1460.74,1436.81,23.93,1.2,1.8,0,3,2,1.0,1.2,1,3,1,1,3,0,1.25,1.75
2023-10-22 14:15:00,Hearts,Celtic,1,4,A,6.1,4.67,1.46,1.55,2.39,1490.95,1752.66,-261.71,1.0,0.8,2,1,2,2.4,0.4,5,0,0,0,4,0,1.0,2.75
2023-10-24 19:45:00,Dundee,Ross County,0,0,D,2.0,3.48,3.65,1.91,1.87,1485.16,1400.94,84.22,1.0,1.4,1,3,1,0.4,1.6,1,1,3,0,0,0,0.0,0.0
2023-10-28 15:00:00,Hibernian,Celtic,0,0,D,6.08,4.69,1.47,1.54,2.42,1493.85,1742.93,-249.08,1.2,1.6,1,3,1,3.0,0.6,5,0,0,1,3,0,1.5,3.75
2023-10-28 15:00:00,Livingston,Dundee,0,2,A,2.46,3.21,2.94,2.2,1.65,1423.89,1498.09,-74.2,1.0,1.6,1,2,2,0.8,1.4,0,4,1,0,0,0,0.0,0.0
2023-10-28 15:00:00,Motherwell,Ross County,3,3,D,1.92,3.57,3.88,1.97,1.81,1493.77,1405.02,88.76,0.4,1.2,1,0,4,0.4,1.2,1,2,2,3,0,1,2.25,0.25
2023-10-28 15:00:00,St Mirren,St Johnstone,4,0,H,1.57,3.88,6.15,2.09,1.72,1521.11,1402.5,118.61,0.8,1.0,2,2,1,0.6,1.4,0,3,2,0,1,2,1.0,2.0
2023-10-29 12:00:00,Kilmarnock,Aberdeen,2,0,H,2.48,3.23,2.87,2.12,1.7,1477.92,1494.38,-16.46,1.8,1.8,1,3,1,1.4,1.0,2,1,2,1,2,0,1.0,2.33
2023-10-29 15:00:00,Rangers,Hearts,2,1,H,1.3,5.51,8.95,1.52,2.47,1693.27,1483.58,209.69,2.2,0.6,4,0,1,1.2,1.4,2,1,2,3,0,1,2.5,0.5
2023-10-31 19:45:00,Hibernian,Ross County,2,2,D,1.55,4.14,5.77,1.8,1.98,1490.09,1408.77,81.32,0.8,1.2,1,3,1,0.8,1.8,0,3,2,1,1,1,1.0,1.0
2023-11-01 19:45:00,Hearts,Livingston,1,0,H,1.64,3.8,5.33,2.01,1.78,1496.03,1411.44,84.59,1.0,1.8,1,1,3,0.8,1.8,1,1,3,0,1,2,0.33,0.67
2023-11-01 19:45:00,Celtic,St Mirren,2,1,H,1.2,6.72,12.76,1.49,2.53,1749.47,1514.57,234.9,2.4,0.6,4,1,0,1.4,0.8,3,1,1,2,1,1,2.75,1.25
2023-11-01 19:45:00,St Johnstone,Kilmarnock,2,1,H,3.31,3.22,2.24,2.16,1.67,1420.71,1459.71,-39.01,0.2,1.8,0,2,3,1.8,1.4,2,2,1,2,1,1,1.0,0.75
2023-11-01 19:45:00,Motherwell,Aberdeen,2,4,A,2.49,3.35,2.79,1.91,1.87,1478.8,1509.36,-30.56,0.8,1.8,0,1,4,1.4,1.0,2,1,2,1,2,0,1.67,2.33
2023-11-01 19:45:00,Dundee,Rangers,0,5,A,7.37,4.85,1.4,1.56,2.37,1490.73,1700.63,-209.9,0.8,1.0,1,3,1,2.2,0.8,4,0,1,0,0,0,0.0,0.0
2023-11-04 12:30:00,Ross County,Celtic,0,3,A,12.56,6.4,1.21,1.46,2.64,1405.07,1753.17,-348.1,1.0,2.0,0,3,2,2.2,0.8,4,1,0,0,4,0,1.0,2.75
2023-11-04 15:00:00,Kilmarnock,Motherwell,1,0,H,2.16,3.39,3.3,2.09,1.72,1475.54,1462.98,12.56,1.6,1.4,2,1,2,1.2,2.4,0,1,4,1,2,2,1.2,1.6
2023-11-05 14:00:00,Dundee,Livingston,1,0,H,2.07,3.31,3.61,2.11,1.71,1502.36,1399.8,102.56,0.8,1.4,1,3,1,0.8,1.4,1,1,3,1,0,0,2.0,0.0
2023-11-07 19:45:00,St Johnstone,Motherwell,2,2,D,2.76,3.1,2.66,2.18,1.66,1422.52,1461.16,-38.64,0.6,1.6,1,2,2,1.2,2.4,0,1,4,2,1,1,1.25,1.0
2023-11-08 19:45:00,St Mirren,Hibernian,2,2,D,2.5,3.25,2.83,2.03,1.76,1513.51,1491.15,22.37,1.4,1.2,2,1,2,0.8,1.6,0,4,1,2,3,0,1.0,1.6
2023-11-11 15:00:00,Motherwell,Hearts,1,2,A,2.92,3.34,2.38,1.93,1.84,1447.66,1509.53,-61.87,1.4,2.4,0,2,3,1.2,1.6,2,1,2,2,2,0,1.25,1.5
2023-11-11 15:00:00,St Johnstone,Ross County,1,0,H,2.68,3.24,2.64,2.11,1.71,1436.77,1390.82,45.95,1.0,1.6,1,3,1,1.0,1.8,0,3,2,1,2,2,1.0,1.6
2023-11-11 15:00:00,Dundee,St Mirren,4,0,H,2.26,3.26,3.22,2.09,1.72,1517.84,1498.03,19.81,0.6,1.0,2,2,1,1.6,1.6,1,2,2,0,1,0,1.0,2.0
2023-11-11 15:00:00,Hibernian,Kilmarnock,1,0,H,2.13,3.41,3.35,1.95,1.83,1505.47,1461.21,44.26,1.2,2.0,0,4,1,1.6,1.2,3,0,2,2,1,1,1.25,0.75
2023-11-12 12:00:00,Livingston,Rangers,0,2,A,10.07,5.54,1.28,1.59,2.31,1395.29,1705.14,-309.85,0.6,1.4,1,0,4,3.0,0.8,4,0,1,0,3,1,0.5,2.5
2023-11-12 14:30:00,Celtic,Aberdeen,6,0,H,1.22,6.53,11.74,1.45,2.68,1759.09,1503.44,255.65,2.4,0.6,4,1,0,2.2,1.0,3,1,1,5,0,0,3.0,0.2
2023-11-25 15:00:00,St Mirren,Livingston,1,0,H,1.76,3.56,4.71,2.16,1.68,1508.72,1384.6,124.12,1.4,2.2,1,1,3,0.2,1.8,0,0,5,2,0,2,1.75,0.75
2023-11-25 15:00:00,Ross County,Kilmarnock,0,0,D,2.87,3.24,2.48,2.14,1.69,1393.82,1458.21,-64.39,1.0,1.8,0,3,2,1.4,0.8,3,0,2,3,2,0,1.2,0.8
2023-11-25 15:00:00,Hearts,St Johnstone,1,0,H,1.56,4.01,5.94,1.88,1.9,1521.43,1424.86,96.57,1.4,1.8,2,1,2,1.0,1.4,2,2,1,4,0,0,2.75,1.0
2023-11-25 15:00:00,Celtic,Motherwell,1,1,D,1.13,8.44,17.37,1.37,3.0,1748.37,1458.38,289.99,3.0,0.4,4,1,0,1.6,2.4,0,2,3,3,0,1,1.75,1.0
2023-11-25 15:00:00,Dundee,Hibernian,1,2,A,2.61,3.27,2.69,1.98,1.81,1502.31,1521.01,-18.7,1.4,1.0,3,1,1,1.0,1.6,1,3,1,0,0,1,0.0,0.0
2023-11-26 12:00:00,Aberdeen,Rangers,1,1,D,5.74,4.35,1.52,1.6,2.3,1511.28,1697.3,-186.01,1.4,2.2,2,1,2,3.2,0.2,5,0,0,2,3,0,1.6,1.8
2023-11-28 19:45:00,Ross County,St Mirren,1,0,H,2.72,3.06,2.74,2.38,1.56,1413.61,1488.93,-75.33,1.0,1.8,0,3,2,1.6,1.6,2,1,2,1,2,0,1.0,1.33
2023-12-02 15:00:00,Motherwell,Dundee,3,3,D,2.26,3.33,3.16,2.01,1.76,1460.27,1500.42,-40.16,1.2,2.0,0,2,3,1.6,1.4,3,0,2,0,0,1,1.0,1.0
2023-12-02 15:00:00,Kilmarnock,Hearts,0,1,A,2.85,3.32,2.45,1.98,1.8,1445.91,1533.73,-87.82,0.8,0.6,2,1,2,1.2,1.4,3,0,2,1,1,2,1.25,1.5
2023-12-03 12:00:00,St Johnstone,Celtic,1,3,A,11.95,6.59,1.21,1.49,2.56,1420.83,1752.4,-331.57,1.0,1.6,2,1,2,2.4,0.4,3,2,0,0,3,1,0.75,2.5
2023-12-03 15:00:00,Hibernian,Aberdeen,2,0,H,2.05,3.49,3.5,1.88,1.9,1535.59,1496.7,38.88,1.4,1.0,2,3,0,1.0,2.2,1,2,2,3,1,1,2.4,1.0
2023-12-03 15:00:00,Rangers,St Mirren,2,0,H,1.2,6.48,13.15,1.55,2.4,1704.24,1481.99,222.26,2.8,0.4,4,1,0,0.8,1.8,1,1,3,4,0,1,3.2,0.6
2023-12-05 19:45:00,Ross County,Motherwell,3,0,H,2.3,3.12,3.3,2.24,1.63,1430.61,1443.26,-12.65,0.6,1.2,1,2,2,1.4,1.8,0,3,2,0,3,2,0.8,2.4
2023-12-06 19:45:00,St Johnstone,St Mirren,1,0,H,3.01,3.08,2.47,2.47,1.52,1438.44,1464.37,-25.93,1.2,1.4,2,1,2,0.6,1.8,1,1,3,1,1,2,1.5,1.75
2023-12-06 19:45:00,Celtic,Hibernian,4,1,H,1.2,6.77,11.99,1.46,2.63,1759.1,1528.9,230.2,3.0,0.6,4,1,0,1.8,1.0,3,2,0,3,1,1,3.0,1.2
2023-12-06 19:45:00,Aberdeen,Kilmarnock,0,1,A,2.32,3.27,3.08,2.11,1.71,1479.53,1463.09,16.44,1.0,2.6,1,1,3,0.4,0.8,1,1,3,2,2,0,1.75,1.25
2023-12-06 20:00:00,Hearts,Rangers,0,1,A,5.7,4.33,1.52,1.65,2.2,1525.56,1712.42,-186.86,1.2,0.6,4,0,1,2.4,0.4,4,1,0,0,4,1,0.6,2.4
2023-12-09 15:00:00,St Mirren,Ross County,2,0,H,2.19,3.17,3.47,2.4,1.55,1477.92,1417.06,60.86,0.2,1.6,1,0,4,0.8,0.8,2,1,2,2,2,0,1.0,1.0
2023-12-09 15:00:00,Rangers,Dundee,3,1,H,1.16,7.44,16.25,1.45,2.66,1719.26,1493.59,225.67,2.2,0.2,4,1,0,1.8,2.0,2,1,2,1,0,0,5.0,0.0
2023-12-09 15:00:00,Livingston,Hibernian,0,1,A,3.4,3.37,2.12,1.99,1.79,1375.5,1538.0,-162.5,0.0,1.4,0,0,5,1.6,1.4,3,1,1,2,2,0,1.5,2.75
2023-12-09 15:00:00,Aberdeen,Hearts,2,1,H,2.59,3.39,2.62,1.9,1.87,1496.5,1508.58,-12.08,1.0,2.4,1,1,3,1.0,0.4,4,0,1,2,3,0,1.2,1.8
2023-12-09 15:00:00,Motherwell,St Johnstone,1,1,D,2.14,3.22,3.55,2.25,1.62,1443.06,1438.65,4.4,1.4,2.2,0,3,2,1.0,1.2,2,1,2,1,2,2,1.2,1.4
2023-12-10 12:00:00,Kilmarnock,Celtic,2,1,H,8.05,5.14,1.35,1.63,2.24,1488.47,1733.71,-245.24,0.4,0.4,2,1,2,3.4,0.6,4,1,0,0,4,0,0.5,3.5
2023-12-16 15:00:00,Celtic,Hearts,0,2,A,1.24,6.24,10.44,1.43,2.75,1710.16,1532.14,178.02,3.0,1.0,3,1,1,1.0,0.8,3,0,2,5,0,0,3.0,1.0
2023-12-16 15:00:00,Livingston,Kilmarnock,0,0,D,3.41,3.2,2.2,2.25,1.62,1380.21,1483.76,-103.55,0.0,1.2,0,0,5,0.6,0.6,2,1,2,3,2,0,1.6,1.6
2023-12-16 15:00:00,Ross County,Dundee,0,1,A,2.27,3.26,3.19,2.06,1.74,1405.32,1505.34,-100.02,0.8,0.6,2,1,2,2.0,1.6,2,1,2,0,0,1,0.0,0.0
2023-12-16 15:00:00,St Johnstone,Hibernian,1,0,H,3.41,3.28,2.16,2.11,1.71,1457.83,1518.83,-61.0,0.8,1.0,2,1,2,1.4,1.0,4,0,1,1,2,1,0.75,1.25
2023-12-16 15:00:00,St Mirren,Motherwell,0,0,D,2.0,3.3,3.87,2.28,1.61,1476.42,1444.56,31.86,0.6,0.8,2,0,3,1.2,2.0,0,3,2,2,2,0,0.75,0.75
2023-12-20 19:45:00,Aberdeen,Livingston,2,1,H,1.69,3.8,4.86,2.01,1.78,1506.66,1370.05,136.61,0.6,2.2,1,1,3,0.0,1.0,0,1,4,2,1,1,1.75,0.5
2023-12-20 19:45:00,Rangers,St Johnstone,2,0,H,1.12,8.49,19.73,1.44,2.67,1724.71,1452.38,272.33,1.8,0.4,4,1,0,0.8,1.0,2,1,2,3,1,0,2.25,0.5
2023-12-23 15:00:00,Kilmarnock,St Johnstone,2,1,H,1.73,3.55,4.94,2.22,1.64,1497.41,1438.73,58.68,0.6,0.4,2,2,1,0.8,1.2,2,1,2,1,3,1,0.8,1.2
2023-12-23 15:00:00,Celtic,Livingston,2,0,H,1.09,9.62,23.96,1.39,2.91,1713.87,1366.34,347.53,1.8,1.4,2,1,2,0.2,1.2,0,1,4,4,0,0,2.75,0.25
2023-12-23 15:00:00,Hearts,St Mirren,2,0,H,1.95,3.4,3.92,2.12,1.69,1544.75,1463.81,80.95,1.0,0.6,3,0,2,0.4,0.8,1,1,3,1,2,2,0.8,1.2
2023-12-24 12:00:00,Motherwell,Rangers,0,2,A,8.82,5.2,1.32,1.61,2.27,1439.57,1729.7,-290.13,1.0,1.6,0,4,1,1.8,0.4,4,1,0,0,4,0,0.75,2.5
2023-12-26 15:00:00,Dundee,Celtic,0,3,A,9.55,5.74,1.28,1.5,2.52,1498.39,1720.81,-222.42,2.0,1.6,2,1,2,2.0,1.2,3,0,2,0,1,0,0.0,3.0
2023-12-27 19:45:00,Livingston,St Johnstone,0,0,D,2.34,3.11,3.21,2.51,1.51,1369.42,1435.65,-66.23,0.2,1.2,0,1,4,0.8,1.0,2,1,2,3,1,1,1.6,1.0
2023-12-27 19:45:00,St Mirren,Kilmarnock,0,1,A,2.65,3.06,2.79,2.35,1.57,1450.25,1510.96,-60.71,0.4,1.0,1,1,3,1.0,0.6,3,1,1,0,1,3,0.25,0.75
2023-12-27 20:00:00,Hibernian,Hearts,0,1,A,2.45,3.38,2.78,1.89,1.88,1504.94,1558.63,-53.69,1.2,1.2,3,0,2,1.2,0.6,3,0,2,1,1,3,1.0,1.4
2023-12-30 12:30:00,Celtic,Rangers,2,1,H,2.15,3.51,3.23,1.8,1.99,1736.2,1714.31,21.88,2.0,1.0,3,0,2,2.0,0.2,5,0,0,3,1,1,2.0,1.4
2023-12-30 15:00:00,Motherwell,Livingston,3,1,H,1.99,3.32,3.9,2.21,1.64,1451.58,1357.41,94.17,0.8,1.8,0,3,2,0.2,1.0,0,2,3,2,1,2,1.2,0.8
2023-12-30 15:00:00,Kilmarnock,Dundee,2,2,D,1.83,3.53,4.38,2.04,1.75,1510.42,1498.94,11.48,1.2,0.4,4,1,0,1.2,2.2,1,1,3,0,0,1,2.0,2.0
2023-12-30 15:00:00,Aberdeen,St Mirren,0,3,A,1.95,3.4,3.97,2.13,1.69,1489.25,1467.67,21.58,1.0,1.2,2,1,2,0.4,0.8,1,1,3,2,2,1,2.2,1.8
2023-12-30 15:00:00,Hearts,Ross County,2,2,D,1.7,3.71,4.93,1.99,1.8,1552.41,1411.54,140.88,1.2,0.6,3,0,2,0.8,0.6,2,1,2,4,0,0,2.75,0.75
2024-01-02 15:00:00,Hibernian,Motherwell,2,2,D,1.97,3.46,3.78,1.93,1.85,1502.66,1453.87,48.79,0.8,1.2,2,0,3,0.8,1.4,1,2,2,2,2,0,1.5,1.75
2024-01-02 15:00:00,Livingston,Hearts,1,2,A,4.08,3.45,1.91,2.26,1.62,1350.04,1559.78,-209.74,0.4,1.4,0,2,3,1.6,0.8,3,1,1,1,1,2,0.5,0.5
2024-01-02 15:00:00,Rangers,Kilmarnock,3,1,H,1.23,6.14,12.16,1.58,2.33,1721.4,1503.33,218.06,1.8,0.6,4,0,1,1.4,0.8,3,2,0,3,1,0,2.0,1.0
2024-01-02 15:00:00,Ross County,Aberdeen,0,3,A,3.21,3.27,2.26,2.08,1.73,1399.84,1500.95,-101.11,1.2,1.0,2,1,2,0.8,1.6,2,0,3,0,2,2,0.25,1.5
2024-01-02 17:00:00,St Mirren,Celtic,0,3,A,12.1,6.0,1.23,1.58,2.33,1462.4,1741.47,-279.07,1.0,0.6,2,1,2,1.6,1.0,3,0,2,1,3,1,1.2,2.6
2024-01-23 19:45:00,Hearts,Dundee,3,2,H,1.73,3.74,4.65,1.89,1.88,1572.18,1486.54,85.64,1.8,0.6,4,1,0,1.4,2.2,1,2,2,0,1,0,0.0,1.0
2024-01-24 19:45:00,Hibernian,Rangers,0,3,A,7.91,4.69,1.38,1.72,2.08,1496.02,1728.03,-232.01,0.8,1.6,1,1,3,2.2,0.8,4,0,1,0,4,1,1.2,3.2
2024-01-24 19:45:00,St Johnstone,Aberdeen,1,1,D,3.84,3.4,1.96,2.09,1.72,1438.43,1498.16,-59.73,0.6,1.0,1,2,2,1.4,1.2,3,0,2,0,3,1,0.0,1.0
2024-01-27 12:30:00,St Mirren,Rangers,0,1,A,9.19,5.28,1.31,1.69,2.14,1457.05,1733.37,-276.32,0.6,1.2,1,1,3,2.2,0.6,4,0,1,0,4,1,0.6,2.8
2024-01-27 15:00:00,St Johnstone,Motherwell,1,1,D,2.51,3.14,2.9,2.25,1.62,1439.1,1453.2,-14.1,0.6,1.0,1,2,2,1.2,1.2,1,3,1,1,1,3,1.2,1.2
2024-01-27 15:00:00,Livingston,Dundee,1,4,A,2.81,3.08,2.62,2.24,1.63,1340.65,1495.93,-155.28,0.6,1.8,0,1,4,1.2,2.2,1,1,3,0,2,0,0.0,1.5
2024-01-27 15:00:00,Kilmarnock,Hibernian,2,2,D,2.05,3.39,3.58,2.03,1.76,1503.02,1496.34,6.68,1.2,1.2,2,2,1,0.6,1.4,1,1,3,1,3,1,0.6,1.2
2024-01-27 15:00:00,Hearts,Aberdeen,2,0,H,2.13,3.34,3.42,2.03,1.76,1584.03,1486.31,97.72,2.0,1.0,4,1,0,1.6,1.2,3,1,1,3,2,0,2.0,1.2
2024-01-27 15:00:00,Celtic,Ross County,1,0,H,1.09,9.66,23.2,1.35,3.07,1745.15,1396.15,349.0,2.0,0.6,4,0,1,1.0,1.6,1,1,3,5,0,0,2.8,0.8
2024-01-30 19:45:00,Aberdeen,Dundee,1,1,D,1.71,3.72,4.82,1.86,1.92,1486.72,1495.51,-8.79,1.2,1.4,2,1,2,1.8,1.8,2,1,2,0,0,0,0.0,0.0
2024-01-30 19:45:00,Livingston,Ross County,2,2,D,2.35,3.06,3.25,2.48,1.52,1343.03,1393.78,-50.75,0.6,2.2,0,1,4,0.4,1.8,0,1,4,2,2,1,1.0,1.0
2024-02-03 12:30:00,Aberdeen,Celtic,1,1,D,7.43,4.97,1.38,1.53,2.43,1496.2,1735.68,-239.48,1.0,1.4,1,2,2,2.2,0.2,5,0,0,0,5,0,0.2,3.8
2024-02-03 15:00:00,Ross County,St Johnstone,0,1,A,2.3,3.07,3.31,2.42,1.54,1380.72,1452.15,-71.43,0.8,1.8,0,2,3,0.6,1.2,0,3,2,2,2,1,1.6,1.2
2024-02-03 15:00:00,Rangers,Livingston,3,0,H,1.09,9.59,24.54,1.46,2.65,1736.24,1340.16,396.09,2.0,0.6,4,0,1,1.0,2.2,0,2,3,4,0,1,2.4,0.4
2024-02-03 15:00:00,Hibernian,St Mirren,0,3,A,2.01,3.37,3.72,2.12,1.71,1479.65,1473.74,5.91,0.8,1.8,0,2,3,0.6,1.4,1,0,4,3,1,1,2.0,1.2
2024-02-03 15:00:00,Dundee,Hearts,2,3,A,3.1,3.47,2.21,1.87,1.91,1484.25,1595.29,-111.04,1.8,2.0,1,2,2,2.0,1.0,4,1,0,1,1,0,1.5,1.5
2024-02-03 15:00:00,Motherwell,Kilmarnock,1,1,D,2.94,3.28,2.39,1.99,1.8,1455.34,1500.88,-45.54,1.2,1.2,1,3,1,1.6,1.6,2,2,1,2,1,2,1.4,1.0
2024-02-06 19:45:00,Motherwell,Ross County,5,0,H,1.99,3.34,3.84,2.15,1.68,1467.17,1368.9,98.27,1.4,1.4,1,3,1,0.8,1.8,0,2,3,2,1,2,1.4,1.4
2024-02-06 20:00:00,Rangers,Aberdeen,2,1,H,1.23,6.15,11.95,1.52,2.47,1742.26,1490.17,252.09,2.2,0.6,4,0,1,1.2,1.0,1,3,1,2,2,1,1.2,1.6
2024-02-07 19:45:00,St Mirren,Dundee,2,0,H,2.28,3.28,3.14,2.12,1.7,1489.19,1468.8,20.39,1.2,1.0,2,0,3,2.2,2.0,1,2,2,1,1,0,1.0,2.5
2024-02-07 19:45:00,St Johnstone,Hearts,0,1,A,3.76,3.36,2.0,2.16,1.67,1443.01,1604.44,-161.43,0.8,0.8,1,3,1,2.4,1.4,4,1,0,0,5,0,0.8,2.4
2024-02-07 19:45:00,Kilmarnock,Livingston,1,0,H,1.6,3.83,5.7,2.07,1.74,1509.4,1331.64,177.76,1.4,1.6,1,3,1,1.0,2.8,0,1,4,2,2,1,1.6,1.4
2024-02-07 20:00:00,Hibernian,Celtic,1,2,A,7.95,5.2,1.34,1.51,2.5,1474.06,1741.27,-267.21,0.8,2.2,0,2,3,2.0,0.4,4,1,0,1,3,1,1.2,2.6
2024-02-11 14:00:00,Dundee,St Johnstone,2,1,H,2.02,3.28,3.73,2.23,1.62,1482.69,1429.12,53.57,1.8,2.0,1,1,3,0.6,0.6,1,3,1,0,0,1,2.0,2.0
2024-02-14 19:45:00,Rangers,Ross County,3,1,H,1.08,10.34,25.36,1.4,2.86,1745.4,1365.76,379.63,2.4,0.4,5,0,0,0.4,2.4,0,1,4,4,0,0,2.25,0.25
2024-02-14 19:45:00,Aberdeen,Motherwell,3,3,D,1.93,3.53,3.84,1.94,1.85,1489.18,1468.16,21.03,0.8,1.4,0,3,2,2.4,1.0,2,3,0,3,1,0,2.75,1.75
2024-02-17 15:00:00,Aberdeen,Hibernian,2,2,D,2.22,3.43,3.12,1.85,1.93,1488.53,1474.71,13.82,1.2,1.8,0,3,2,1.0,2.4,0,2,3,1,3,1,0.8,2.2
2024-02-17 15:00:00,Celtic,Kilmarnock,1,1,D,1.21,6.53,12.49,1.48,2.56,1732.52,1518.15,214.37,1.8,0.6,4,1,0,1.4,1.6,1,3,1,4,1,0,3.0,0.8
2024-02-17 15:00:00,Dundee,Ross County,2,0,H,1.79,3.7,4.3,1.85,1.93,1492.82,1355.63,137.19,1.8,1.6,2,1,2,0.6,2.4,0,1,4,1,0,1,0.5,0.0
2024-02-17 15:00:00,Hearts,Motherwell,2,0,H,1.71,3.73,4.84,1.98,1.81,1613.84,1458.76,155.08,2.2,1.0,5,0,0,2.4,1.4,1,4,0,3,2,0,1.6,1.2
2024-02-17 15:00:00,Livingston,St Mirren,1,0,H,3.08,3.14,2.38,2.43,1.54,1353.01,1467.82,-114.81,0.8,2.4,0,1,4,1.6,0.8,3,0,2,0,3,2,0.6,1.6
2024-02-18 12:00:00,St Johnstone,Rangers,0,3,A,11.44,6.06,1.23,1.56,2.35,1424.94,1749.58,-324.64,0.8,1.0,1,2,2,2.4,0.4,5,0,0,1,4,0,0.4,2.2
2024-02-24 15:00:00,Hibernian,Dundee,2,1,H,2.06,3.57,3.39,1.74,2.06,1490.49,1477.04,13.45,1.0,2.4,0,2,3,1.4,1.4,2,1,2,1,0,1,1.0,0.5
2024-02-24 15:00:00,Kilmarnock,Aberdeen,2,0,H,2.15,3.39,3.29,1.95,1.83,1531.87,1474.81,57.07,1.2,1.4,1,3,1,1.6,1.8,0,4,1,3,2,0,1.2,1.4
2024-02-24 15:00:00,Rangers,Hearts,5,0,H,1.27,5.67,9.82,1.53,2.43,1759.0,1604.42,154.58,2.4,0.4,5,0,0,2.2,0.8,5,0,0,4,0,1,1.8,0.6
2024-02-24 15:00:00,Ross County,Livingston,3,2,H,2.23,3.23,3.28,2.14,1.68,1370.52,1338.13,32.39,0.6,2.6,0,1,4,0.8,2.0,1,1,3,1,2,2,1.2,1.4
2024-02-24 15:00:00,St Mirren,St Johnstone,2,0,H,1.83,3.29,4.71,2.5,1.51,1480.98,1411.78,69.2,1.0,1.0,2,0,3,0.6,1.4,1,1,3,1,2,2,1.4,1.4
2024-02-25 12:00:00,Motherwell,Celtic,1,3,A,8.4,5.39,1.32,1.52,2.47,1453.62,1737.66,-284.05,2.0,1.4,1,3,1,1.6,0.6,3,2,0,0,3,2,1.0,1.6
2024-02-27 20:00:00,Ross County,St Mirren,1,1,D,3.55,3.21,2.14,2.32,1.59,1375.13,1476.37,-101.24,0.8,2.6,1,0,4,1.4,0.4,3,0,2,2,3,0,0.8,1.2
2024-02-28 19:45:00,Aberdeen,St Johnstone,0,2,A,1.66,3.74,5.26,1.99,1.8,1457.11,1429.47,27.64,1.4,2.0,0,3,2,0.4,1.6,1,0,4,3,0,2,1.0,0.2
2024-02-28 19:45:00,Celtic,Dundee,7,1,H,1.19,6.83,12.73,1.42,2.77,1743.13,1471.57,271.56,1.6,0.8,3,2,0,1.4,1.6,2,0,3,2,0,0,3.0,0.0
2024-02-28 19:45:00,Hearts,Hibernian,1,1,D,1.9,3.64,3.81,1.79,2.0,1599.67,1495.24,104.43,1.6,1.4,4,0,1,1.4,2.0,1,2,2,2,1,2,1.4,0.8
2024-02-28 19:45:00,Kilmarnock,Rangers,1,2,A,7.54,4.61,1.41,1.73,2.08,1525.48,1765.39,-239.9,1.4,0.8,2,3,0,3.2,0.4,5,0,0,1,4,0,1.0,2.2
2024-02-28 20:00:00,Livingston,Motherwell,1,3,A,2.74,3.23,2.58,2.15,1.68,1327.94,1463.81,-135.87,1.0,1.8,1,1,3,2.0,1.8,1,2,2,1,2,2,1.0,1.6
2024-03-02 15:00:00,St Mirren,Aberdeen,2,1,H,2.27,3.35,3.1,2.03,1.77,1490.54,1442.94,47.59,1.6,0.4,3,1,1,1.2,2.2,0,2,3,3,1,1,2.2,1.4
2024-03-02 15:00:00,St Johnstone,Livingston,1,1,D,2.34,3.16,3.16,2.29,1.6,1425.21,1332.2,93.01,0.6,1.6,1,0,4,0.8,2.0,1,0,4,1,2,2,1.0,1.4
2024-03-02 15:00:00,Dundee,Kilmarnock,2,2,D,2.61,3.33,2.64,1.96,1.83,1473.88,1523.18,-49.3,1.2,2.4,2,0,3,1.2,0.8,2,2,1,0,0,2,2.0,2.0
2024-03-02 15:00:00,Hibernian,Ross County,2,0,H,1.6,4.14,5.15,1.68,2.14,1505.25,1365.12,140.13,1.2,1.8,1,2,2,1.0,2.6,1,1,3,1,1,2,1.25,1.25
2024-03-02 15:00:00,Rangers,Motherwell,1,2,A,1.15,7.78,15.69,1.39,2.88,1739.88,1489.31,250.57,3.0,0.6,5,0,0,2.4,1.8,2,1,2,5,0,0,2.4,0.6
2024-03-03 12:00:00,Hearts,Celtic,2,0,H,5.97,4.45,1.49,1.58,2.34,1620.53,1722.27,-101.74,1.4,1.6,3,1,1,2.8,1.0,3,2,0,1,4,0,1.4,2.6
2024-03-13 19:45:00,Dundee,Aberdeen,1,0,H,2.42,3.42,2.82,1.82,1.96,1487.55,1429.28,58.27,1.6,2.4,2,1,2,1.2,2.2,0,2,3,0,0,1,1.0,1.0
2024-03-13 19:45:00,Ross County,Hibernian,2,2,D,3.88,3.71,1.88,1.76,2.04,1370.86,1499.51,-128.65,1.0,2.0,1,1,3,1.6,1.2,2,2,1,1,2,2,1.0,1.4
2024-03-16 15:00:00,Ross County,Hearts,2,1,H,4.24,3.63,1.83,1.91,1.88,1395.1,1596.29,-201.19,1.2,1.8,1,2,2,1.2,1.2,3,1,1,0,4,1,1.0,2.6
2024-03-16 15:00:00,Kilmarnock,St Mirren,5,2,H,2.13,3.16,3.65,2.38,1.56,1536.77,1476.94,59.83,1.4,1.0,2,2,1,1.4,0.6,3,1,1,2,0,3,0.8,0.2
2024-03-16 15:00:00,Motherwell,Aberdeen,0,1,A,2.33,3.27,3.09,1.97,1.81,1471.74,1446.84,24.9,1.8,2.0,2,1,2,0.6,1.8,0,1,4,1,3,1,2.0,2.8
2024-03-16 15:00:00,Celtic,St Johnstone,3,1,H,1.1,9.19,22.68,1.38,2.92,1726.86,1420.61,306.25,2.6,1.2,3,1,1,0.8,1.6,1,1,3,4,0,1,2.6,0.8
2024-03-16 15:00:00,Hibernian,Livingston,3,0,H,1.51,4.25,6.17,1.72,2.08,1507.8,1323.91,183.89,1.8,1.2,2,3,0,1.0,1.6,1,1,3,3,2,0,2.4,1.2
2024-03-30 15:00:00,Aberdeen,Ross County,2,1,H,1.73,3.77,4.61,1.83,1.95,1459.63,1382.32,77.31,0.4,1.4,1,0,4,1.6,1.6,2,2,1,3,0,2,1.8,0.2
2024-03-30 15:00:00,Hearts,Kilmarnock,1,1,D,2.01,3.44,3.64,1.97,1.81,1593.75,1539.32,54.43,1.2,1.6,2,1,2,2.2,1.4,2,2,1,2,1,2,1.4,1.0
2024-03-30 15:00:00,Motherwell,St Mirren,1,1,D,2.49,3.23,2.86,2.18,1.67,1471.97,1476.72,-4.75,1.2,1.6,2,0,3,1.4,1.6,2,1,2,2,2,1,0.6,0.6
2024-03-30 15:00:00,Rangers,Hibernian,3,1,H,1.26,6.09,10.17,1.48,2.57,1746.13,1501.55,244.57,2.8,0.8,4,0,1,2.0,0.8,3,2,0,5,0,0,3.4,0.8
2024-03-30 15:00:00,St Johnstone,Dundee,1,2,A,2.77,3.18,2.59,2.18,1.66,1408.47,1499.69,-91.22,0.8,1.8,1,1,3,1.4,2.2,2,1,2,0,1,1,1.5,2.0
2024-03-31 12:00:00,Livingston,Celtic,0,3,A,12.2,6.68,1.2,1.44,2.72,1321.23,1729.55,-408.32,1.0,2.0,1,1,3,2.8,1.2,3,1,1,0,5,0,0.2,2.6
2024-04-06 15:00:00,Dundee,Motherwell,2,3,A,2.32,3.42,2.99,1.89,1.89,1483.5,1488.16,-4.66,1.4,2.4,2,1,2,1.4,1.4,2,1,2,0,0,2,2.0,2.0
2024-04-06 15:00:00,Kilmarnock,Ross County,1,0,H,1.5,4.17,6.55,1.9,1.89,1547.96,1373.67,174.29,2.2,1.4,2,2,1,1.2,1.6,1,2,2,2,2,1,0.8,1.0
2024-04-06 15:00:00,Hibernian,St Johnstone,1,2,A,1.52,4.13,6.24,1.9,1.89,1482.63,1427.39,55.24,1.8,1.2,2,2,1,1.0,1.6,1,1,3,2,2,1,1.0,0.8
2024-04-06 15:00:00,Livingston,Aberdeen,0,0,D,3.62,3.3,2.08,2.15,1.68,1326.9,1453.95,-127.04,0.8,2.6,0,1,4,0.8,1.2,2,0,3,1,3,1,0.6,1.8
2024-04-06 15:00:00,St Mirren,Hearts,1,2,A,2.76,3.19,2.6,2.1,1.72,1466.59,1603.88,-137.29,1.6,1.6,2,2,1,1.0,1.8,1,2,2,2,2,1,1.0,1.0
2024-04-07 12:00:00,Rangers,Celtic,3,3,D,2.22,3.53,3.07,1.74,2.07,1745.41,1730.26,15.15,2.8,0.8,4,0,1,3.2,1.0,4,0,1,1,3,1,1.6,1.6
2024-04-13 15:00:00,Aberdeen,Dundee,0,0,D,2.01,3.5,3.63,1.89,1.88,1455.22,1482.23,-27.01,0.8,0.8,2,1,2,1.6,2.6,2,1,2,0,1,1,0.5,1.0
2024-04-13 15:00:00,Celtic,St Mirren,3,0,H,1.19,7.06,13.43,1.4,2.85,1735.66,1461.19,274.46,3.2,1.4,3,1,1,1.4,2.0,1,2,2,4,0,1,3.2,0.8
2024-04-13 15:00:00,Hearts,Livingston,4,2,H,1.37,4.83,8.23,1.73,2.07,1608.94,1321.84,287.1,1.4,1.0,2,2,1,0.4,2.0,0,2,3,2,1,2,0.8,0.6
2024-04-13 15:00:00,Motherwell,Hibernian,1,1,D,2.7,3.45,2.51,1.77,2.02,1487.92,1482.87,5.06,1.8,1.2,3,1,1,1.8,1.4,2,1,2,2,2,1,1.8,1.6
2024-04-13 15:00:00,St Johnstone,Kilmarnock,0,2,A,3.76,3.43,2.0,2.12,1.7,1417.4,1557.96,-140.56,1.4,1.4,2,1,2,2.0,1.4,2,2,1,3,1,1,1.2,0.8
2024-04-14 12:00:00,Ross County,Rangers,3,2,H,11.38,6.55,1.22,1.48,2.58,1400.51,1718.57,-318.06,1.0,1.6,1,1,3,2.8,1.4,3,1,1,0,5,0,0.4,2.4
2024-04-17 20:00:00,Dundee,Rangers,0,0,D,9.76,5.77,1.27,1.49,2.55,1491.1,1709.69,-218.59,1.4,1.2,2,2,1,2.2,2.0,2,1,2,0,2,0,0.5,4.0
2024-04-27 15:00:00,Aberdeen,Motherwell,1,0,H,2.08,3.4,3.52,1.95,1.83,1471.63,1471.52,0.11,0.6,0.4,2,2,1,1.4,1.2,2,2,1,4,0,1,2.6,1.4
2024-04-27 15:00:00,Kilmarnock,Hearts,0,0,D,2.24,3.3,3.23,1.96,1.82,1560.14,1606.75,-46.61,2.2,1.0,3,2,0,2.0,1.2,3,1,1,1,2,2,0.8,1.2
2024-04-27 15:00:00,Livingston,Ross County,2,0,H,2.76,3.3,2.54,2.02,1.77,1340.18,1382.17,-41.99,0.6,2.2,0,2,3,1.6,1.6,2,1,2,1,2,2,1.4,1.8
2024-04-27 15:00:00,St Johnstone,Hibernian,1,3,A,3.9,3.47,1.95,1.99,1.79,1405.19,1495.07,-89.88,1.0,1.8,1,1,3,1.6,1.6,1,2,2,3,1,1,1.2,1.0
2024-04-28 12:30:00,St Mirren,Rangers,1,2,A,7.7,4.9,1.37,1.63,2.23,1455.4,1715.48,-260.08,1.2,2.4,1,1,3,1.8,1.8,1,2,2,0,5,0,0.4,2.8
2024-04-28 15:00:00,Dundee,Celtic,1,2,A,9.14,5.95,1.27,1.4,2.83,1485.2,1741.55,-256.35,1.0,0.8,2,2,1,2.4,1.2,3,1,1,0,3,0,0.33,4.33
2024-05-04 15:00:00,Aberdeen,St Johnstone,1,0,H,1.7,3.64,5.09,2.05,1.74,1483.79,1393.03,90.77,0.8,0.2,3,2,0,1.0,2.2,1,0,4,2,1,2,0.8,0.6
2024-05-04 15:00:00,Celtic,Hearts,3,0,H,1.22,6.57,11.28,1.39,2.88,1751.01,1597.3,153.71,2.8,1.0,4,1,0,1.6,1.2,2,2,1,3,2,0,1.8,1.2
2024-05-04 15:00:00,Dundee,St Mirren,1,3,A,2.49,3.22,2.85,2.01,1.77,1468.92,1471.69,-2.77,1.0,1.2,1,2,2,1.0,2.6,0,1,4,1,2,0,1.67,1.33
2024-05-04 15:00:00,Motherwell,Livingston,4,1,H,1.66,3.81,5.17,1.9,1.87,1481.1,1330.59,150.51,1.0,1.2,1,2,2,0.8,2.0,1,1,3,3,1,1,2.0,1.0
2024-05-04 15:00:00,Ross County,Hibernian,2,1,H,3.53,3.62,1.99,1.71,2.08,1401.88,1475.36,-73.48,1.2,1.6,2,0,3,1.8,1.4,2,1,2,1,1,3,1.4,1.4
2024-05-05 13:00:00,Rangers,Kilmarnock,4,1,H,1.24,6.13,10.59,1.49,2.51,1724.19,1551.44,172.76,2.0,1.6,2,2,1,1.8,0.6,3,2,0,4,1,0,2.2,1.2
2024-05-11 12:30:00,Celtic,Rangers,2,1,H,1.88,3.86,3.75,1.56,2.39,1764.85,1710.35,54.51,2.8,0.8,4,1,0,2.2,1.6,2,2,1,3,1,1,1.8,1.8
2024-05-11 15:00:00,Ross County,Motherwell,1,5,A,2.31,3.48,2.94,1.79,1.99,1390.25,1492.74,-102.49,1.2,1.6,2,0,3,1.8,1.2,2,2,1,1,3,1,1.2,2.2
2024-05-11 15:00:00,St Mirren,Kilmarnock,0,1,A,2.67,3.06,2.77,2.29,1.6,1460.07,1563.05,-102.98,1.2,1.8,1,1,3,1.0,1.0,2,2,1,0,3,2,0.6,1.8
2024-05-11 15:00:00,Hearts,Dundee,3,0,H,1.67,4.02,4.69,1.69,2.13,1607.0,1459.22,147.77,1.4,1.4,2,2,1,0.8,1.6,0,2,3,2,1,0,2.0,1.67
2024-05-11 15:00:00,Livingston,St Johnstone,2,1,H,2.83,3.07,2.63,2.31,1.59,1348.26,1375.36,-27.1,1.0,2.2,1,1,3,0.8,1.8,1,0,4,1,1,3,0.8,0.8
2024-05-12 15:00:00,Hibernian,Aberdeen,0,4,A,2.04,3.58,3.39,1.73,2.05,1460.73,1498.43,-37.7,1.4,1.8,1,1,3,0.8,0.2,3,2,0,3,0,2,2.4,0.4
2024-05-14 19:30:00,Rangers,Dundee,5,2,H,1.14,8.35,16.81,1.3,3.37,1716.07,1453.5,262.56,1.8,1.4,2,1,2,0.4,1.6,0,2,3,2,0,1,2.67,0.33
2024-05-15 19:30:00,Kilmarnock,Celtic,0,5,A,7.48,5.22,1.36,1.45,2.65,1555.9,1772.01,-216.1,1.0,0.8,3,1,1,2.6,1.0,4,1,0,1,3,1,1.0,2.2
2024-05-15 19:45:00,St Mirren,Hearts,2,2,D,2.7,3.29,2.6,1.97,1.81,1466.06,1601.01,-134.95,1.0,1.8,1,0,4,1.8,1.2,3,1,1,2,2,1,1.2,1.2
2024-05-15 19:45:00,St Johnstone,Ross County,1,1,D,2.41,3.21,3.0,2.1,1.71,1376.0,1389.6,-13.6,0.8,1.8,1,0,4,1.2,2.2,2,0,3,2,2,1,1.0,1.4
2024-05-15 19:45:00,Aberdeen,Livingston,5,1,H,1.53,4.25,5.8,1.72,2.09,1507.32,1339.37,167.95,1.2,0.0,3,2,0,1.4,1.8,2,1,2,2,1,2,0.8,0.6
2024-05-15 19:45:00,Hibernian,Motherwell,3,0,H,1.86,3.76,3.91,1.7,2.13,1477.11,1476.36,0.75,1.2,2.0,1,1,3,2.6,1.2,3,1,1,1,2,2,1.6,2.0
2024-05-18 12:30:00,Celtic,St Mirren,3,2,H,1.22,6.59,11.7,1.4,2.84,1776.41,1461.66,314.74,3.0,0.4,5,0,0,1.2,1.8,1,1,3,4,0,1,3.0,0.8
2024-05-18 12:30:00,Dundee,Kilmarnock,1,1,D,2.87,3.4,2.4,1.81,1.98,1457.8,1551.6,-93.8,0.8,2.6,0,1,4,0.8,1.8,2,1,2,0,0,3,2.0,2.0
2024-05-18 12:30:00,Hearts,Rangers,3,3,D,4.4,4.28,1.68,1.45,2.65,1605.8,1711.27,-105.47,1.8,1.4,2,2,1,2.4,1.2,3,1,1,0,4,1,0.6,2.6
2024-05-19 15:00:00,Ross County,Aberdeen,2,2,D,2.56,3.61,2.53,1.72,2.07,1394.5,1502.43,-107.93,1.4,2.2,2,1,2,2.2,0.2,4,1,0,0,4,1,0.2,2.0
2024-05-19 15:00:00,Livingston,Hibernian,1,1,D,4.21,3.77,1.79,1.76,2.02,1345.02,1471.45,-126.43,1.6,2.8,2,0,3,1.6,1.6,2,1,2,1,4,0,0.8,2.8
2024-05-19 15:00:00,Motherwell,St Johnstone,1,2,A,2.39,3.54,2.75,1.93,1.84,1457.15,1395.22,61.93,2.0,1.4,2,1,2,0.6,1.8,0,1,4,1,1,3,1.2,1.2
2024-08-03 12:30:00,Hearts,Rangers,0,0,D,4.91,4.34,1.59,1.56,2.38,1610.22,1706.85,-96.64,1.6,1.6,1,3,1,3.0,1.8,3,1,1,0,3,2,1.2,2.6
2024-08-03 15:00:00,Motherwell,Ross County,0,0,D,1.9,3.67,3.8,1.74,2.07,1454.47,1397.18,57.29,2.0,1.6,2,0,3,1.2,2.2,1,2,2,3,1,1,2.8,1.4
2024-08-04 13:30:00,Dundee United,Dundee,2,2,D,2.34,3.37,2.96,1.85,1.94,1373.42,1454.08,-80.66,0.8,2.4,0,0,5,1.0,2.8,0,1,4,0,0,0,0.0,0.0
2024-08-04 15:00:00,St Mirren,Hibernian,3,0,H,2.44,3.31,2.85,1.94,1.85,1477.08,1456.03,21.05,1.6,1.8,1,1,3,1.6,1.6,2,1,2,2,2,1,1.8,1.4
2024-08-04 16:30:00,Celtic,Kilmarnock,4,0,H,1.16,7.7,14.8,1.34,3.13,1782.86,1545.15,237.71,3.0,0.8,5,0,0,0.6,2.0,1,2,2,3,1,1,2.8,1.0
2024-08-05 20:00:00,St Johnstone,Aberdeen,1,2,A,2.95,3.32,2.36,1.99,1.79,1384.71,1512.94,-128.23,1.0,1.6,1,1,3,2.6,0.6,4,1,0,1,2,2,0.6,0.6
2024-08-10 15:00:00,Rangers,Motherwell,2,1,H,1.21,6.84,11.67,1.38,2.93,1712.54,1448.78,263.76,2.6,1.6,2,2,1,2.0,1.4,2,1,2,4,1,0,2.2,0.8
2024-08-10 15:00:00,Ross County,Dundee United,1,1,D,2.56,3.31,2.73,1.99,1.8,1396.15,1374.44,21.71,1.2,1.8,1,3,1,1.2,2.6,0,1,4,2,1,1,2.0,1.25
2024-08-10 17:30:00,Dundee,Hearts,3,1,H,3.11,3.57,2.18,1.68,2.16,1475.4,1588.9,-113.5,1.2,2.8,0,2,3,1.6,1.6,1,3,1,1,3,0,1.25,2.25
2024-08-11 12:30:00,Hibernian,Celtic,0,2,A,7.84,5.14,1.35,1.46,2.6,1452.06,1786.83,-334.76,1.0,2.0,1,1,3,3.4,0.6,5,0,0,1,3,1,1.4,2.2
2024-08-11 15:00:00,Kilmarnock,St Johnstone,0,3,A,1.78,3.59,4.51,2.08,1.74,1523.68,1406.18,117.5,0.6,2.8,1,1,3,1.0,1.4,1,1,3,2,2,1,1.2,1.0
2024-08-11 15:00:00,Aberdeen,St Mirren,3,1,H,1.93,3.43,3.98,2.11,1.71,1526.4,1463.63,62.77,2.8,0.8,4,1,0,2.0,1.4,2,1,2,1,3,1,1.4,2.0
2024-08-24 15:00:00,Rangers,Ross County,6,0,H,1.18,7.07,12.97,1.38,2.95,1716.72,1391.97,324.75,2.2,1.6,2,2,1,1.0,1.8,0,4,1,4,1,0,2.0,1.0
2024-08-24 15:00:00,Dundee United,St Johnstone,2,0,H,1.91,3.57,3.87,1.93,1.85,1390.81,1389.81,0.99,1.2,2.2,0,2,3,1.6,1.2,2,1,2,1,3,0,0.75,1.25
2024-08-24 15:00:00,Hibernian,Dundee,2,2,D,2.08,3.62,3.25,1.7,2.12,1453.07,1474.39,-21.32,0.8,2.0,1,1,3,1.6,2.4,1,2,2,2,0,1,1.33,0.67
2024-08-25 12:00:00,St Mirren,Celtic,0,3,A,9.43,5.8,1.28,1.47,2.59,1459.59,1790.87,-331.28,1.6,1.8,1,1,3,3.2,0.6,5,0,0,0,4,1,1.0,2.6
2024-08-25 15:00:00,Aberdeen,Kilmarnock,2,0,H,1.74,3.71,4.66,1.91,1.88,1541.28,1508.79,32.49,3.2,1.0,4,1,0,0.4,2.6,1,1,3,1,4,0,0.6,1.4
2024-08-25 15:00:00,Motherwell,Hearts,3,1,H,2.82,3.45,2.39,1.78,2.02,1469.52,1568.16,-98.63,1.4,1.6,1,1,3,1.8,1.6,1,3,1,2,3,0,1.2,1.4
2024-08-31 15:00:00,Dundee,St Mirren,2,2,D,2.16,3.37,3.35,1.97,1.82,1473.75,1460.23,13.53,2.0,2.2,1,3,1,1.6,2.2,1,1,3,1,3,0,1.5,1.75
2024-08-31 15:00:00,St Johnstone,Motherwell,1,2,A,2.9,3.32,2.42,2.03,1.77,1378.19,1481.14,-102.95,1.4,1.2,2,1,2,1.0,1.6,1,1,3,1,1,3,1.2,1.4
2024-08-31 17:45:00,Ross County,Aberdeen,0,1,A,3.63,3.67,1.95,1.77,2.03,1383.05,1550.2,-167.15,0.8,2.0,0,4,1,2.8,1.0,4,1,0,0,4,1,0.6,2.4
2024-09-01 12:30:00,Celtic,Rangers,3,0,H,1.62,4.28,4.75,1.47,2.6,1802.71,1704.87,97.84,3.4,0.4,5,0,0,3.2,1.2,3,2,0,3,1,1,1.6,1.6
2024-09-01 15:00:00,Kilmarnock,Hibernian,1,1,D,2.77,3.3,2.51,1.92,1.86,1506.41,1455.45,50.95,0.2,3.0,0,1,4,1.2,1.6,1,2,2,1,2,2,1.0,1.4
2024-09-01 15:00:00,Hearts,Dundee United,0,1,A,1.81,3.96,3.89,1.64,2.22,1546.1,1412.86,133.24,1.4,2.2,0,3,2,1.4,1.8,1,2,2,2,0,1,3.0,1.33
2024-09-14 15:00:00,Ross County,Dundee,2,0,H,2.76,3.56,2.39,1.74,2.04,1401.88,1454.92,-53.04,0.6,2.0,0,3,2,2.0,1.6,1,4,0,0,2,1,0.0,1.0
2024-09-14 15:00:00,Aberdeen,Motherwell,2,1,H,1.68,3.79,4.9,1.85,1.93,1562.26,1469.08,93.18,2.0,0.8,4,1,0,1.4,1.2,2,1,2,4,0,1,2.4,1.2
2024-09-14 15:00:00,Celtic,Hearts,2,0,H,1.17,7.81,13.28,1.33,3.17,1808.29,1540.53,267.76,3.0,0.4,5,0,0,1.0,2.0,0,2,3,3,2,0,1.8,1.0
2024-09-14 15:00:00,Hibernian,St Johnstone,2,0,H,1.65,3.86,5.07,1.87,1.91,1467.17,1366.48,100.7,0.8,1.8,0,3,2,1.4,1.4,2,0,3,2,2,1,1.4,1.0
2024-09-14 15:00:00,St Mirren,Kilmarnock,2,2,D,2.24,3.28,3.22,2.17,1.67,1462.21,1504.43,-42.22,1.6,2.2,1,1,3,0.4,2.2,0,2,3,0,4,1,0.6,2.0
2024-09-15 12:00:00,Dundee United,Rangers,0,1,A,6.52,4.69,1.43,1.66,2.18,1408.15,1709.58,-301.43,1.6,1.2,2,2,1,2.2,1.4,2,2,1,0,3,0,0.33,2.0
2024-09-21 15:00:00,Ross County,St Johnstone,3,3,D,2.07,3.43,3.47,1.97,1.82,1400.36,1368.0,32.36,0.6,1.6,1,2,2,1.0,1.6,1,0,4,1,2,2,1.2,1.2
2024-09-21 15:00:00,St Mirren,Hearts,2,1,H,2.84,3.36,2.43,1.92,1.87,1480.53,1522.2,-41.67,1.6,2.0,1,2,2,0.4,1.8,0,1,4,1,2,2,1.2,1.6
2024-09-28 15:00:00,Motherwell,St Mirren,2,1,H,2.43,3.26,2.93,2.04,1.77,1484.58,1465.04,19.54,1.4,1.2,2,1,2,1.4,2.2,1,2,2,1,2,2,0.6,0.8
2024-09-28 15:00:00,Kilmarnock,Dundee United,3,3,D,2.32,3.16,3.19,2.19,1.65,1500.37,1412.21,88.17,0.6,2.4,0,2,3,1.2,0.8,2,2,1,2,1,1,1.25,1.25
2024-09-28 15:00:00,Hearts,Ross County,1,1,D,1.67,3.84,4.92,1.84,1.95,1517.15,1405.41,111.73,0.6,2.2,0,0,5,1.2,2.2,1,2,2,3,1,1,2.4,1.2
2024-09-28 15:00:00,Dundee,Aberdeen,1,2,A,2.98,3.51,2.26,1.91,1.88,1444.42,1572.77,-128.35,1.8,1.8,1,3,1,2.0,0.6,5,0,0,1,0,2,0.67,0.33
2024-09-28 17:45:00,St Johnstone,Celtic,0,6,A,13.88,7.19,1.18,1.39,2.87,1365.8,1810.49,-444.7,1.4,1.8,1,1,3,2.8,0.0,5,0,0,0,4,1,0.8,2.8
2024-09-29 12:00:00,Rangers,Hibernian,1,0,H,1.36,5.04,7.57,1.46,2.61,1715.54,1461.22,254.32,1.8,0.8,3,1,1,1.0,1.6,1,2,2,5,0,0,3.4,0.6
2024-10-05 15:00:00,Dundee,Kilmarnock,2,3,A,2.27,3.41,3.05,1.92,1.87,1431.81,1512.98,-81.17,1.6,1.8,1,2,2,1.2,2.2,0,3,2,0,0,4,1.75,1.75
2024-10-05 15:00:00,Hibernian,Motherwell,1,2,A,2.05,3.51,3.47,1.85,1.94,1447.22,1498.57,-51.35,1.0,1.2,1,2,2,1.8,1.4,3,0,2,1,2,2,1.6,1.6
2024-10-05 15:00:00,St Mirren,Dundee United,0,1,A,2.3,3.3,3.09,2.07,1.73,1447.78,1429.47,18.31,1.4,2.0,1,2,2,1.4,1.0,2,2,1,2,0,1,2.0,0.67
2024-10-06 12:00:00,Ross County,Celtic,1,2,A,13.87,7.8,1.16,1.34,3.08,1402.75,1813.15,-410.39,1.2,2.2,1,2,2,3.2,0.0,5,0,0,0,5,0,0.6,2.4
2024-10-06 15:00:00,Aberdeen,Hearts,3,2,H,1.68,3.94,4.69,1.84,1.95,1585.39,1504.53,80.86,2.0,0.6,5,0,0,0.6,1.8,0,1,4,2,3,0,1.2,1.4
2024-10-06 20:00:00,Rangers,St Johnstone,2,0,H,1.13,8.53,17.29,1.34,3.11,1719.07,1362.26,356.81,2.0,0.8,4,0,1,0.8,3.0,0,1,4,4,1,0,2.0,0.4
2024-10-19 15:00:00,St Johnstone,Ross County,3,0,H,2.58,3.22,2.77,2.11,1.71,1379.0,1386.01,-7.01,0.8,3.0,0,1,4,1.4,1.4,1,2,2,2,1,2,1.2,1.2
2024-10-19 15:00:00,Motherwell,Dundee,0,1,A,2.1,3.53,3.32,1.79,2.0,1480.72,1449.66,31.07,2.0,1.2,4,0,1,1.4,2.2,0,2,3,1,0,2,2.33,2.0
2024-10-19 15:00:00,Celtic,Aberdeen,2,2,D,1.23,6.52,10.72,1.41,2.79,1804.52,1594.02,210.5,3.2,0.2,5,0,0,2.0,0.8,5,0,0,4,0,1,3.8,0.4
2024-10-19 15:00:00,Dundee United,Hibernian,3,2,H,2.36,3.31,2.99,1.93,1.85,1445.23,1431.46,13.78,1.4,0.8,3,1,1,1.2,1.2,1,2,2,2,0,1,1.67,1.0
2024-10-19 15:00:00,Hearts,St Mirren,4,0,H,1.8,3.7,4.23,1.86,1.93,1517.1,1435.2,81.89,0.8,1.8,0,1,4,1.4,1.6,1,2,2,2,2,1,1.4,1.2
2024-10-20 12:00:00,Kilmarnock,Rangers,1,0,H,5.96,4.4,1.49,1.6,2.27,1535.96,1696.09,-160.13,1.8,2.0,1,3,1,2.0,0.6,4,0,1,1,4,0,1.0,2.4
2024-10-26 15:00:00,Dundee,St Johnstone,1,2,A,1.68,3.87,4.85,1.76,2.04,1431.65,1397.01,34.64,1.2,1.8,1,1,3,1.2,2.6,1,1,3,2,0,1,2.0,1.33
2024-10-26 15:00:00,Ross County,Kilmarnock,2,1,H,3.17,3.33,2.25,1.99,1.8,1407.11,1514.86,-107.75,1.4,1.8,1,2,2,2.0,1.6,2,3,0,2,2,1,1.0,0.8
2024-10-26 17:30:00,Aberdeen,Dundee United,1,0,H,1.66,3.94,4.85,1.75,2.04,1602.96,1436.29,166.67,2.0,1.2,4,1,0,1.6,1.2,3,1,1,2,1,0,1.33,1.67
2024-10-27 12:00:00,Hibernian,Hearts,1,1,D,2.31,3.45,2.95,1.8,1.99,1435.08,1513.47,-78.39,1.2,1.4,1,1,3,1.6,1.6,1,1,3,1,1,3,1.0,1.0
2024-10-27 15:00:00,Motherwell,Celtic,0,3,A,9.4,6.09,1.26,1.39,2.86,1476.7,1808.55,-331.85,1.4,1.2,3,0,2,3.0,0.6,4,1,0,0,3,2,1.0,1.8
2024-10-27 15:00:00,Rangers,St Mirren,2,1,H,1.22,6.38,11.46,1.44,2.67,1701.56,1429.74,271.82,0.8,0.8,3,0,2,1.0,2.0,1,1,3,5,0,0,2.2,0.2
2024-10-30 19:45:00,Ross County,Hibernian,0,0,D,3.46,3.4,2.1,1.92,1.86,1408.32,1433.88,-25.56,1.4,2.0,1,2,2,1.2,1.4,1,1,3,1,1,3,1.4,1.6
2024-10-30 19:45:00,Hearts,Kilmarnock,1,2,A,1.92,3.61,3.82,1.78,2.01,1498.53,1529.8,-31.27,1.8,1.4,1,2,2,2.0,1.8,2,2,1,1,1,3,0.6,0.6
2024-10-30 19:45:00,Dundee United,Motherwell,1,2,A,2.18,3.37,3.28,1.91,1.88,1423.03,1489.96,-66.93,1.4,1.4,2,1,2,1.0,1.6,2,0,3,1,2,1,1.0,1.25
2024-10-30 19:45:00,St Mirren,St Johnstone,3,1,H,1.81,3.6,4.26,1.93,1.86,1443.33,1383.42,59.91,0.8,2.0,1,0,4,1.6,2.4,2,1,2,2,1,2,1.8,0.8
2024-10-30 19:45:00,Celtic,Dundee,2,0,H,1.1,9.8,22.69,1.34,3.1,1811.62,1428.57,383.05,3.0,0.6,4,1,0,1.0,1.8,1,0,4,4,0,0,3.75,0.5
2024-10-30 20:00:00,Aberdeen,Rangers,2,1,H,3.33,3.54,2.1,1.74,2.06,1622.11,1682.41,-60.3,2.0,1.2,4,1,0,1.2,0.4,4,0,1,2,2,1,1.4,1.0
2024-11-02 15:00:00,St Johnstone,Hearts,1,2,A,3.76,3.63,1.92,1.81,1.97,1373.21,1508.74,-135.52,1.2,2.4,2,0,3,1.8,1.4,1,2,2,0,5,0,0.4,2.0
2024-11-02 15:00:00,St Mirren,Ross County,0,0,D,1.87,3.43,4.26,2.1,1.71,1441.82,1409.83,32.0,1.0,2.0,1,0,4,0.8,1.4,1,2,2,2,2,1,1.2,1.0
2024-11-03 15:00:00,Dundee,Kilmarnock,3,2,H,2.29,3.45,2.95,1.78,2.0,1447.82,1510.55,-62.73,1.0,1.8,1,0,4,2.0,1.6,3,1,1,0,1,4,1.8,2.0
2024-11-03 15:00:00,Hibernian,Dundee United,1,1,D,1.93,3.55,3.8,1.85,1.93,1433.41,1423.5,9.91,0.8,1.4,0,2,3,1.6,1.6,2,1,2,0,3,1,1.25,2.0
2024-11-09 15:00:00,Dundee United,Ross County,3,0,H,1.71,3.7,4.83,1.92,1.86,1437.91,1395.42,42.49,1.2,1.2,2,1,2,0.6,1.2,1,2,2,1,2,2,1.2,1.8
2024-11-09 15:00:00,Hibernian,St Mirren,1,2,A,1.84,3.54,4.27,1.97,1.82,1418.77,1456.46,-37.69,1.0,1.4,0,3,2,0.8,1.6,1,1,3,1,3,1,1.2,2.4
2024-11-09 15:00:00,Motherwell,St Johnstone,2,1,H,1.89,3.62,3.91,1.88,1.9,1500.1,1363.07,137.03,1.2,1.4,3,0,2,1.4,1.6,2,0,3,1,1,3,1.4,1.4
2024-11-09 17:30:00,Aberdeen,Dundee,4,1,H,1.64,4.04,4.91,1.7,2.11,1630.15,1439.77,190.38,2.0,1.2,4,1,0,1.4,1.8,2,0,3,1,1,2,0.75,0.75
2024-11-10 15:00:00,Kilmarnock,Celtic,0,2,A,8.6,5.44,1.3,1.48,2.54,1506.04,1816.13,-310.08,1.8,1.6,3,0,2,3.0,0.6,4,1,0,1,3,1,0.8,2.8
2024-11-10 17:00:00,Rangers,Hearts,1,0,H,1.39,4.81,7.03,1.55,2.36,1690.48,1500.67,189.81,1.2,0.8,3,0,2,2.0,1.4,2,1,2,3,0,2,2.2,0.8
2024-11-23 15:00:00,St Johnstone,Kilmarnock,1,0,H,2.94,3.41,2.33,1.92,1.86,1383.92,1485.2,-101.28,1.6,1.6,2,0,3,1.2,1.6,2,0,3,3,2,0,1.4,1.0
2024-11-23 15:15:00,Ross County,Motherwell,2,1,H,2.78,3.17,2.6,2.11,1.7,1414.8,1480.71,-65.91,0.4,1.4,1,2,2,1.2,1.4,3,0,2,1,2,2,1.4,2.6
2024-11-23 15:45:00,Rangers,Dundee United,1,1,D,1.24,5.94,10.79,1.5,2.5,1681.16,1447.23,233.94,1.2,0.8,3,0,2,1.6,1.2,2,1,2,4,0,0,1.75,0.25
2024-11-23 16:00:00,St Mirren,Aberdeen,2,1,H,3.07,3.35,2.29,1.98,1.81,1478.39,1608.22,-129.83,1.2,1.6,2,1,2,2.4,1.2,4,1,0,2,2,1,1.6,1.8
2024-11-23 17:45:00,Dundee,Hibernian,4,1,H,2.8,3.4,2.44,1.8,1.98,1453.87,1404.68,49.19,1.2,2.0,2,0,3,1.0,1.4,0,3,2,0,2,2,1.0,1.5
2024-11-23 19:45:00,Hearts,Celtic,1,4,A,7.12,5.0,1.39,1.52,2.46,1496.47,1820.32,-323.85,1.6,1.0,2,1,2,2.2,0.6,4,1,0,2,3,0,1.0,1.8
2024-11-26 19:45:00,Hibernian,Aberdeen,3,3,D,2.69,3.22,2.65,2.05,1.75,1412.58,1600.32,-187.74,0.8,1.6,0,3,2,2.0,1.2,3,1,1,2,1,2,1.2,1.2
2024-11-30 15:00:00,Motherwell,Hibernian,0,3,A,2.8,3.41,2.44,1.86,1.92,1462.81,1430.49,32.32,1.0,1.6,2,0,3,1.2,2.0,0,3,2,2,1,2,1.4,1.6
2024-11-30 15:00:00,Kilmarnock,Dundee,1,1,D,2.07,3.49,3.45,1.88,1.9,1483.85,1455.22,28.63,1.0,1.8,1,0,4,1.8,2.2,2,0,3,1,1,3,2.0,2.0
2024-11-30 15:00:00,Dundee United,St Mirren,2,0,H,2.17,3.34,3.32,2.02,1.76,1463.57,1462.05,1.52,1.2,1.0,1,2,2,1.6,1.0,3,1,1,1,2,1,0.75,1.5
2024-11-30 15:00:00,Celtic,Ross County,5,0,H,1.09,10.53,22.68,1.27,3.52,1822.97,1412.15,410.82,2.6,0.6,4,1,0,0.8,1.0,2,2,1,5,0,0,2.4,0.6
2024-12-01 12:00:00,St Johnstone,Rangers,0,1,A,7.66,5.16,1.35,1.54,2.41,1379.33,1685.75,-306.42,1.2,1.6,2,0,3,1.0,1.0,2,1,2,0,5,0,0.0,2.2
2024-12-01 15:00:00,Hearts,Aberdeen,1,1,D,2.37,3.42,2.84,1.77,2.02,1500.82,1595.97,-95.14,1.0,1.8,1,1,3,2.2,1.4,3,1,1,3,2,0,1.8,1.2
2024-12-04 19:45:00,Rangers,Kilmarnock,6,0,H,1.3,5.52,9.29,1.52,2.45,1692.9,1476.7,216.2,1.2,0.8,3,1,1,1.0,1.6,1,1,3,3,2,0,1.8,1.0
2024-12-04 19:45:00,Dundee,Motherwell,4,1,H,2.06,3.54,3.44,1.79,2.0,1470.55,1447.48,23.06,1.8,2.0,2,1,2,1.0,2.0,2,0,3,1,1,2,1.75,1.75
2024-12-04 20:00:00,Aberdeen,Celtic,0,1,A,7.54,5.06,1.37,1.52,2.46,1589.57,1829.36,-239.79,2.2,1.6,2,2,1,3.2,0.2,5,0,0,0,3,2,0.8,3.4
2024-12-07 15:00:00,St Mirren,Motherwell,0,1,A,2.09,3.35,3.48,1.95,1.83,1446.42,1463.11,-16.69,1.4,1.0,3,1,1,1.2,2.2,2,0,3,1,2,2,0.8,1.0
2024-12-07 15:00:00,Dundee United,Kilmarnock,1,1,D,2.18,3.39,3.24,1.98,1.81,1464.13,1476.13,-12.0,1.6,0.8,2,2,1,0.6,2.6,0,1,4,1,2,2,1.6,1.6
2024-12-07 15:00:00,Hearts,Dundee,2,0,H,1.79,3.82,4.08,1.72,2.09,1514.52,1456.85,57.67,1.0,1.8,1,1,3,2.6,1.8,3,1,1,3,2,0,2.0,1.6
2024-12-07 15:00:00,Aberdeen,St Johnstone,1,1,D,1.53,4.15,5.93,1.81,1.98,1581.46,1387.44,194.02,1.8,1.6,1,2,2,0.8,1.6,1,0,4,2,1,2,0.8,0.8
2024-12-07 15:00:00,Celtic,Hibernian,3,0,H,1.15,7.82,14.78,1.35,3.09,1832.11,1427.74,404.36,2.8,0.2,5,0,0,1.8,2.0,1,2,2,3,1,1,2.0,1.2
2024-12-08 12:00:00,Ross County,Rangers,0,3,A,11.08,5.88,1.24,1.6,2.29,1407.18,1697.87,-290.69,0.4,1.8,1,2,2,2.0,0.6,3,1,1,1,4,0,1.0,3.0
2024-12-14 15:00:00,Hibernian,Ross County,3,1,H,1.5,4.27,6.26,1.8,2.0,1441.86,1393.07,48.79,1.6,2.4,1,1,3,0.4,2.4,1,1,3,1,1,3,1.4,1.2
2024-12-14 15:00:00,Motherwell,Dundee United,4,3,H,2.45,3.3,2.85,2.03,1.77,1478.15,1449.09,29.06,1.0,2.0,2,0,3,1.6,0.6,2,3,0,3,1,1,1.4,1.0
2024-12-14 15:00:00,St Johnstone,St Mirren,2,3,A,2.91,3.27,2.44,2.04,1.76,1374.96,1458.9,-83.94,0.8,1.2,1,1,3,0.8,1.0,2,1,2,1,3,1,0.6,2.0
2024-12-15 15:00:00,Kilmarnock,Hearts,1,0,H,2.74,3.37,2.48,1.97,1.82,1492.79,1497.87,-5.09,0.4,2.2,0,2,3,1.2,1.4,2,1,2,1,1,3,0.6,0.6
2024-12-20 19:45:00,Motherwell,Kilmarnock,1,1,D,2.26,3.25,3.24,2.04,1.77,1478.79,1492.15,-13.37,1.4,2.4,2,0,3,0.6,1.8,1,2,2,2,1,2,1.2,0.8
2024-12-21 15:00:00,Rangers,Dundee,1,0,H,1.17,7.52,13.86,1.39,2.88,1703.87,1450.86,253.01,2.4,0.2,4,1,0,2.0,1.8,2,1,2,3,0,1,3.25,0.75
2024-12-21 15:00:00,Aberdeen,Hibernian,1,3,A,2.15,3.5,3.21,1.79,2.01,1560.74,1462.58,98.16,1.2,1.6,0,3,2,2.0,2.2,2,1,2,1,2,2,1.8,1.8
2024-12-21 15:00:00,Ross County,St Mirren,1,2,A,3.49,3.23,2.15,2.16,1.68,1380.88,1471.09,-90.21,0.6,3.0,1,0,4,1.4,1.4,3,0,2,1,2,2,0.4,0.8
2024-12-22 12:00:00,Dundee United,Celtic,0,0,D,10.54,6.13,1.24,1.44,2.67,1461.11,1820.09,-358.98,2.0,1.2,2,2,1,3.0,0.2,5,0,0,0,3,0,0.67,5.0
2024-12-22 15:00:00,Hearts,St Johnstone,2,1,H,1.57,4.11,5.43,1.79,2.0,1507.77,1365.06,142.72,0.8,1.4,1,1,3,1.0,1.4,1,1,3,5,0,0,1.8,0.2
2024-12-26 12:30:00,Hearts,Hibernian,1,2,A,2.15,3.46,3.21,1.81,1.97,1490.83,1479.52,11.32,1.2,1.4,2,1,2,2.4,1.6,3,1,1,1,0,4,1.2,1.0
2024-12-26 15:00:00,Celtic,Motherwell,4,0,H,1.1,9.52,19.51,1.27,3.46,1823.78,1475.1,348.68,2.6,0.2,4,1,0,1.4,2.2,2,1,2,3,0,2,2.0,0.8
2024-12-26 15:00:00,Dundee,Ross County,0,3,A,1.87,3.62,3.91,1.83,1.95,1432.87,1398.86,34.02,1.8,1.2,2,1,2,0.8,2.8,1,0,4,2,1,1,0.75,0.5
2024-12-26 15:00:00,Kilmarnock,Aberdeen,4,0,H,2.52,3.34,2.7,1.94,1.83,1510.08,1542.82,-32.74,0.8,1.8,1,3,1,1.2,1.8,0,3,2,3,2,0,1.0,0.8
2024-12-26 15:00:00,St Johnstone,Dundee United,1,2,A,2.81,3.27,2.47,1.97,1.81,1354.1,1472.07,-117.96,1.0,1.4,1,1,3,1.4,1.2,1,3,1,3,2,0,1.0,1.0
2024-12-26 17:45:00,St Mirren,Rangers,2,1,H,7.61,4.75,1.38,1.7,2.11,1494.86,1680.09,-185.23,1.4,1.4,3,0,2,2.4,0.2,4,1,0,0,5,0,0.4,2.0
2024-12-29 15:00:00,Ross County,Hearts,2,2,D,3.8,3.55,1.92,1.94,1.83,1402.74,1486.95,-84.22,1.0,2.6,1,0,4,1.2,1.0,2,1,2,1,2,2,1.2,2.2
2024-12-29 15:00:00,Motherwell,Rangers,2,2,D,8.55,5.15,1.32,1.6,2.28,1483.05,1672.14,-189.1,1.4,2.4,2,1,2,2.4,0.4,4,0,1,1,4,0,1.0,2.0
2024-12-29 15:00:00,St Mirren,Dundee,1,2,A,1.91,3.63,3.74,1.88,1.89,1477.22,1450.52,26.69,1.4,1.4,3,0,2,1.0,1.6,1,1,3,3,1,1,1.8,1.6
2024-12-29 15:00:00,Celtic,St Johnstone,4,0,H,1.12,9.08,17.61,1.25,3.6,1825.66,1352.22,473.44,2.6,0.0,4,1,0,1.0,1.8,0,1,4,4,0,1,3.2,0.6
2024-12-29 15:00:00,Hibernian,Kilmarnock,1,0,H,1.86,3.69,3.9,1.72,2.06,1495.83,1493.76,2.07,2.2,1.2,4,0,1,1.4,1.6,2,2,1,2,0,3,1.6,1.0
2024-12-29 17:15:00,Dundee United,Aberdeen,1,0,H,2.31,3.45,2.9,1.85,1.92,1490.08,1524.81,-34.73,1.6,1.2,2,2,1,0.6,2.0,0,2,3,1,3,0,1.25,1.25
2025-01-02 15:00:00,Rangers,Celtic,3,0,H,2.96,3.53,2.23,1.7,2.1,1693.37,1804.43,-111.06,2.6,0.8,3,1,1,2.4,0.0,4,1,0,0,4,1,1.0,2.2
2025-01-02 15:00:00,Kilmarnock,St Mirren,2,0,H,2.13,3.36,3.31,1.93,1.83,1508.05,1462.93,45.12,1.4,0.6,2,2,1,1.6,1.4,3,0,2,3,0,2,2.0,1.0
2025-01-02 15:00:00,St Johnstone,Hibernian,1,1,D,3.5,3.46,2.02,1.86,1.89,1358.09,1489.97,-131.88,1.0,2.4,0,1,4,1.8,1.2,4,0,1,2,3,0,0.8,1.6
2025-01-02 15:00:00,Aberdeen,Ross County,1,2,A,1.53,4.09,5.78,1.82,1.95,1504.74,1422.8,81.94,0.4,2.0,0,1,4,1.4,2.0,1,1,3,4,0,1,2.4,0.6
2025-01-02 15:00:00,Hearts,Motherwell,1,0,H,1.8,3.62,4.21,1.85,1.91,1501.78,1468.21,33.57,1.4,1.2,2,1,2,1.6,2.0,2,2,1,2,3,0,1.0,1.4
2025-01-02 17:30:00,Dundee,Dundee United,1,2,A,2.58,3.39,2.58,1.79,1.97,1437.22,1503.38,-66.16,1.2,1.6,2,0,3,1.4,1.2,2,2,1,0,0,1,2.0,2.0
2025-01-05 12:00:00,Hibernian,Rangers,3,3,D,5.38,4.32,1.54,1.58,2.31,1497.86,1685.47,-187.61,2.0,0.8,4,1,0,2.0,0.8,3,1,1,0,5,0,0.4,2.8
2025-01-05 14:30:00,Motherwell,Aberdeen,2,0,H,2.53,3.27,2.73,1.93,1.84,1484.79,1488.17,-3.39,1.4,2.2,1,2,2,0.6,2.2,0,1,4,0,4,1,1.2,2.2
2025-01-05 15:00:00,St Johnstone,Dundee,1,3,A,2.68,3.31,2.55,1.86,1.9,1346.45,1448.86,-102.42,1.0,2.4,0,1,4,0.6,1.8,1,0,4,1,2,1,1.5,1.75
2025-01-05 15:00:00,Kilmarnock,Ross County,0,1,A,1.67,3.83,4.77,1.85,1.92,1489.44,1441.41,48.03,1.6,0.4,3,1,1,1.8,1.6,2,1,2,2,2,1,1.0,0.8
2025-01-05 15:00:00,Dundee United,Hearts,0,1,A,2.36,3.41,2.85,1.87,1.89,1488.31,1516.85,-28.54,1.6,1.2,3,1,1,1.2,1.2,2,1,2,1,2,1,1.25,2.25
2025-01-05 15:00:00,Celtic,St Mirren,3,0,H,1.1,9.24,22.51,1.41,2.74,1808.12,1459.24,348.87,2.2,0.6,3,1,1,1.6,1.6,3,0,2,5,0,0,2.8,0.6
2025-01-08 19:45:00,Kilmarnock,Motherwell,0,0,D,1.97,3.44,3.76,1.99,1.79,1489.24,1484.99,4.25,1.4,0.6,2,1,2,1.0,1.6,1,2,2,1,2,2,0.8,1.2
2025-01-08 19:45:00,Celtic,Dundee United,2,0,H,1.15,7.8,14.99,1.32,3.17,1812.22,1484.2,328.02,2.2,0.6,3,1,1,1.0,0.6,3,1,1,3,0,1,3.75,0.5
2025-01-09 20:00:00,Dundee,Rangers,1,1,D,9.14,5.62,1.28,1.44,2.66,1457.75,1676.59,-218.84,1.2,1.6,2,0,3,2.0,1.4,2,2,1,0,4,1,0.6,2.8
2025-01-11 12:30:00,Ross County,Celtic,1,4,A,14.18,7.42,1.16,1.37,2.95,1438.24,1815.4,-377.16,1.8,1.0,3,1,1,2.6,0.6,4,0,1,0,5,0,0.6,3.0
2025-01-11 15:00:00,Hibernian,Motherwell,3,1,H,1.63,3.96,5.04,1.78,2.0,1512.31,1470.54,41.77,2.0,1.2,3,2,0,0.8,1.4,1,2,2,2,1,2,2.0,1.0
2025-01-11 15:00:00,St Mirren,Dundee United,0,1,A,2.59,3.09,2.82,2.13,1.68,1445.32,1498.13,-52.81,1.0,1.8,2,0,3,1.0,1.0,3,0,2,2,2,1,1.2,1.0
2025-01-12 15:00:00,Aberdeen,Hearts,0,0,D,2.42,3.35,2.83,1.85,1.92,1489.41,1515.62,-26.21,0.4,2.4,0,0,5,1.4,1.0,3,1,1,2,2,1,1.2,1.6
2025-01-12 15:00:00,Rangers,St Johnstone,3,1,H,1.11,9.22,20.62,1.32,3.18,1680.49,1342.55,337.95,2.0,1.6,1,3,1,0.8,2.4,0,1,4,5,0,0,2.0,0.0
2025-01-14 20:00:00,Dundee,Celtic,3,3,D,13.11,7.03,1.19,1.42,2.76,1469.35,1803.79,-334.44,1.4,1.6,2,1,2,2.6,0.8,4,0,1,0,5,0,0.4,3.4
2025-01-15 20:00:00,Rangers,Aberdeen,3,0,H,1.24,5.94,10.88,1.4,2.8,1687.98,1481.91,206.07,2.4,1.4,2,3,0,0.2,1.8,0,1,4,2,2,1,1.2,1.4
2025-01-25 15:00:00,Ross County,Hibernian,1,1,D,3.6,3.4,2.03,1.92,1.86,1441.39,1509.16,-67.77,1.8,1.4,3,1,1,2.0,1.2,3,2,0,1,2,2,1.0,1.6
2025-01-25 15:00:00,Aberdeen,St Mirren,0,3,A,1.99,3.47,3.67,1.98,1.81,1465.34,1461.89,3.45,0.2,1.6,0,1,4,0.6,1.8,1,0,4,1,3,1,1.4,2.0
2025-01-25 15:00:00,St Johnstone,Motherwell,2,1,H,2.55,3.26,2.74,2.0,1.78,1362.83,1450.25,-87.42,0.8,2.6,0,1,4,1.0,1.2,1,2,2,1,2,2,1.2,1.4
2025-01-25 15:00:00,Hearts,Kilmarnock,3,2,H,1.89,3.54,3.95,1.99,1.81,1529.48,1475.37,54.11,1.0,0.8,2,2,1,1.2,0.4,2,1,2,1,2,2,0.6,0.8
2025-01-26 12:00:00,Dundee United,Rangers,1,3,A,5.08,4.12,1.6,1.65,2.2,1490.59,1695.52,-204.92,0.8,0.8,3,0,2,2.6,1.0,3,2,0,0,4,1,0.4,1.6
2025-02-01 15:00:00,Dundee,Hearts,0,6,A,2.98,3.47,2.27,1.81,1.97,1456.92,1541.91,-84.99,2.0,1.6,2,2,1,1.4,0.8,3,2,0,1,4,0,1.4,2.4
2025-02-01 15:00:00,Hibernian,Aberdeen,2,0,H,1.82,3.7,4.11,1.75,2.05,1522.28,1452.22,70.05,1.8,1.2,2,3,0,0.2,2.0,0,1,4,2,1,2,2.0,2.0
2025-02-01 15:00:00,St Mirren,St Johnstone,0,1,A,1.87,3.39,4.28,2.12,1.7,1442.73,1382.0,60.73,0.8,1.6,1,0,4,1.0,2.4,1,1,3,4,1,0,2.4,0.8
2025-02-01 17:45:00,Kilmarnock,Dundee United,1,0,H,2.63,3.26,2.65,2.0,1.79,1491.03,1474.94,16.09,0.8,1.0,1,1,3,0.8,1.4,2,0,3,2,1,2,1.6,1.6
2025-02-02 15:00:00,Motherwell,Celtic,1,3,A,13.08,7.06,1.18,1.41,2.78,1446.79,1807.26,-360.47,0.8,1.2,1,1,3,2.4,1.4,3,1,1,0,4,1,0.6,2.6
2025-02-02 15:00:00,Rangers,Ross County,4,0,H,1.14,7.86,16.08,1.37,2.94,1701.16,1435.75,265.41,2.6,1.2,3,2,0,1.4,1.6,2,2,1,4,1,0,3.2,0.8
2025-02-05 19:45:00,Celtic,Dundee,6,0,H,1.08,10.78,22.29,1.21,4.11,1810.78,1453.4,357.38,3.0,1.0,4,1,0,1.6,2.6,1,2,2,4,0,1,3.4,1.0
2025-02-15 15:00:00,Kilmarnock,St Johnstone,3,1,H,1.85,3.38,4.44,1.93,1.85,1501.47,1371.56,129.92,1.0,0.8,2,1,2,1.2,1.6,2,1,2,2,3,0,1.0,1.4
2025-02-15 15:00:00,Dundee,Aberdeen,1,2,A,2.51,3.42,2.67,1.76,2.03,1438.35,1467.27,-28.92,1.4,3.4,1,2,2,0.0,2.0,0,1,4,1,2,2,0.8,1.4
2025-02-15 15:00:00,Celtic,Dundee United,3,0,H,1.17,7.38,13.73,1.38,2.87,1814.57,1471.15,343.43,3.6,1.0,4,1,0,0.4,1.4,1,0,4,4,0,1,3.4,0.4
2025-02-15 15:00:00,Motherwell,Ross County,0,3,A,2.11,3.23,3.58,2.1,1.71,1431.31,1451.22,-19.91,1.0,1.6,1,1,3,1.0,2.0,2,1,2,2,2,1,2.2,1.2
2025-02-16 12:00:00,Hearts,Rangers,1,3,A,4.56,3.79,1.72,1.72,2.08,1533.34,1709.73,-176.38,2.2,0.4,4,1,0,2.8,0.6,4,1,0,0,3,2,0.6,2.0
2025-02-16 14:00:00,St Mirren,Hibernian,0,0,D,3.19,3.21,2.28,2.11,1.71,1446.11,1518.9,-72.8,0.6,1.4,1,0,4,2.0,1.2,2,3,0,4,0,1,2.6,1.0
2025-02-22 12:30:00,Hibernian,Celtic,2,1,H,6.65,4.62,1.44,1.62,2.25,1544.27,1789.2,-244.93,1.8,1.0,2,3,0,3.8,1.0,4,1,0,0,4,1,0.4,2.2
2025-02-22 15:00:00,Aberdeen,Kilmarnock,1,0,H,2.16,3.21,3.47,2.0,1.79,1483.74,1485.0,-1.26,0.4,1.8,1,1,3,1.2,1.0,2,1,2,1,4,0,0.4,1.8
2025-02-22 15:00:00,Dundee United,Motherwell,1,0,H,1.7,3.75,4.84,1.85,1.94,1484.43,1418.02,66.41,0.4,1.8,1,0,4,0.6,2.2,0,1,4,1,4,0,1.6,2.2
2025-02-22 15:00:00,Rangers,St Mirren,0,2,A,1.18,7.18,13.43,1.38,2.87,1685.12,1470.71,214.41,3.2,0.6,5,0,0,0.6,1.0,1,1,3,4,1,0,1.6,0.8
2025-02-22 15:00:00,Ross County,Dundee,3,1,H,2.42,3.25,2.93,2.0,1.78,1465.67,1423.9,41.76,1.2,1.8,2,1,2,1.0,3.6,0,2,3,2,2,1,1.0,0.6
2025-02-23 12:00:00,St Johnstone,Hearts,1,2,A,3.54,3.39,2.05,2.0,1.79,1363.08,1541.82,-178.74,1.2,2.0,2,0,3,2.2,1.0,3,1,1,0,5,0,0.4,1.6
2025-02-25 20:00:00,Celtic,Aberdeen,5,1,H,1.13,8.74,17.14,1.28,3.49,1793.61,1479.33,314.28,3.2,1.2,3,1,1,0.6,1.8,2,0,3,3,0,2,2.6,0.8
2025-02-26 19:45:00,Dundee United,Hibernian,1,3,A,2.51,3.32,2.74,1.9,1.88,1471.99,1556.72,-84.73,0.6,1.4,2,0,3,1.6,0.6,3,2,0,3,0,2,1.8,1.2
2025-02-26 19:45:00,Hearts,St Mirren,3,1,H,1.8,3.61,4.33,1.94,1.85,1553.79,1458.74,95.06,2.4,1.2,3,1,1,1.0,0.4,2,1,2,3,1,1,2.2,1.0
2025-02-26 19:45:00,Motherwell,Dundee,2,1,H,2.27,3.33,3.1,1.93,1.85,1433.28,1408.65,24.63,0.6,2.4,0,0,5,1.0,4.0,0,1,4,1,2,2,1.6,2.2
2025-02-26 19:45:00,St Johnstone,Ross County,1,0,H,2.28,3.21,3.2,2.12,1.69,1382.38,1446.36,-63.98,1.2,1.8,2,0,3,1.6,2.0,2,1,2,3,0,2,1.8,0.8
2025-02-26 20:00:00,Kilmarnock,Rangers,2,4,A,5.93,4.29,1.51,1.72,2.09,1477.8,1692.32,-214.53,1.2,1.0,2,1,2,2.6,0.8,4,0,1,1,4,0,0.8,3.0
2025-03-01 15:00:00,Rangers,Motherwell,1,2,A,1.15,7.85,15.71,1.29,3.37,1667.84,1457.76,210.07,2.8,1.2,4,0,1,0.8,2.0,1,0,4,3,1,1,1.6,1.0
2025-03-01 15:00:00,Ross County,Kilmarnock,1,0,H,3.23,3.11,2.32,2.27,1.61,1462.72,1461.44,1.27,1.4,1.4,2,1,2,1.6,1.8,2,0,3,3,1,1,0.8,0.4
2025-03-01 15:00:00,Dundee,St Johnstone,1,1,D,2.19,3.36,3.25,1.96,1.83,1407.52,1383.51,24.0,0.6,3.8,0,0,5,1.2,1.2,3,0,2,3,1,1,2.0,1.4
2025-03-01 17:30:00,St Mirren,Celtic,2,5,A,9.89,5.63,1.27,1.6,2.27,1454.93,1797.42,-342.49,1.2,0.8,2,1,2,3.6,0.8,4,0,1,0,5,0,0.4,3.0
2025-03-02 12:30:00,Hibernian,Hearts,2,1,H,2.33,3.19,3.11,1.87,1.91,1571.59,1538.92,32.67,1.6,0.6,3,2,0,3.0,1.4,4,0,1,1,1,3,1.2,1.2
2025-03-02 15:00:00,Aberdeen,Dundee United,2,2,D,2.14,3.34,3.35,1.92,1.86,1479.02,1472.31,6.71,0.8,2.2,2,0,3,0.6,2.0,1,0,4,3,2,0,1.0,1.2
2025-03-15 15:00:00,Hearts,Ross County,2,0,H,1.48,4.3,6.45,1.76,2.04,1550.68,1450.95,99.73,2.6,1.4,3,0,2,1.4,1.2,3,0,2,1,1,3,1.4,1.4
2025-03-15 15:00:00,Kilmarnock,Hibernian,1,1,D,2.54,3.21,2.79,2.05,1.74,1466.05,1566.99,-100.94,1.2,1.4,2,0,3,1.8,0.6,4,1,0,0,2,3,1.0,1.4
2025-03-15 15:00:00,Motherwell,St Mirren,2,2,D,2.74,3.05,2.69,2.21,1.64,1457.64,1455.05,2.59,1.0,1.8,2,0,3,1.0,1.8,1,1,3,2,1,2,0.8,0.6
2025-03-15 15:00:00,St Johnstone,Aberdeen,0,0,D,3.01,3.3,2.34,1.97,1.81,1387.54,1475.0,-87.46,1.0,1.2,2,1,2,1.2,2.0,2,1,2,1,2,2,1.0,1.0
2025-03-16 12:30:00,Celtic,Rangers,2,3,A,1.64,4.09,4.74,1.53,2.39,1777.07,1688.18,88.89,4.0,1.0,4,0,1,2.4,1.4,3,0,2,3,1,1,2.0,1.6
2025-03-16 15:00:00,Dundee United,Dundee,2,4,A,1.78,3.7,4.27,1.89,1.88,1454.54,1425.28,29.26,0.8,1.8,1,1,3,0.8,2.8,0,1,4,1,0,1,2.0,1.5
2025-03-29 15:00:00,Celtic,Hearts,3,0,H,1.23,6.33,10.4,1.39,2.87,1783.48,1544.27,239.21,3.2,1.6,3,0,2,1.8,1.4,3,0,2,3,2,0,1.8,1.0
2025-03-29 15:00:00,Aberdeen,Motherwell,4,1,H,1.65,3.83,5.11,1.88,1.91,1489.25,1443.39,45.86,1.2,1.6,2,2,1,1.2,1.6,2,1,2,3,1,1,1.4,1.2
2025-03-29 15:00:00,St Mirren,Kilmarnock,5,1,H,2.31,3.22,3.13,2.1,1.71,1470.53,1450.57,19.95,1.4,2.0,1,2,2,1.2,1.6,1,1,3,0,4,1,0.8,2.2
2025-03-29 15:00:00,Hibernian,St Johnstone,3,0,H,1.66,3.75,5.16,2.0,1.79,1574.86,1379.66,195.2,1.6,0.8,3,2,0,0.8,1.2,1,2,2,2,2,1,1.4,1.0
2025-03-29 17:30:00,Dundee,Rangers,3,4,A,7.44,5.48,1.33,1.44,2.67,1419.87,1693.6,-273.73,1.6,2.0,1,1,3,2.2,1.8,3,0,2,0,3,2,0.8,2.0
2025-03-30 14:30:00,Ross County,Dundee United,0,1,A,2.78,3.11,2.59,2.27,1.61,1436.11,1469.39,-33.28,1.4,0.8,3,0,2,1.2,2.4,1,1,3,2,2,1,1.6,1.6
2025-04-05 15:00:00,Dundee,St Mirren,2,0,H,2.71,3.35,2.51,1.85,1.94,1437.04,1453.35,-16.31,2.0,2.4,1,1,3,2.4,2.2,2,1,2,2,2,1,1.8,1.6
2025-04-05 15:00:00,Kilmarnock,Motherwell,2,0,H,1.77,3.53,4.56,2.02,1.77,1465.26,1428.7,36.56,0.8,2.4,0,1,4,1.4,1.8,2,1,2,1,1,3,0.8,0.8
2025-04-05 15:00:00,Rangers,Hibernian,0,2,A,1.43,4.57,6.67,1.57,2.34,1673.66,1594.8,78.86,2.4,2.2,3,0,2,2.2,0.8,4,1,0,4,0,1,2.8,0.8
2025-04-05 15:00:00,Ross County,Aberdeen,0,1,A,3.26,3.27,2.2,2.11,1.71,1423.39,1501.97,-78.58,0.8,1.0,2,0,3,1.6,1.6,2,2,1,1,3,1,1.0,1.8
2025-04-06 12:00:00,St Johnstone,Celtic,1,0,H,16.67,7.51,1.14,1.42,2.73,1406.99,1756.15,-349.17,0.6,1.2,1,2,2,3.2,1.6,3,0,2,0,4,1,0.4,3.2
2025-04-06 14:30:00,Hearts,Dundee United,0,1,A,1.68,3.82,4.76,1.84,1.95,1526.09,1487.57,38.52,1.6,1.4,3,0,2,1.4,1.8,2,1,2,3,1,1,2.0,1.0
2025-04-12 12:30:00,Celtic,Kilmarnock,5,1,H,1.19,7.01,12.56,1.32,3.26,1760.89,1460.53,300.36,3.0,1.4,3,0,2,1.2,2.2,1,1,3,3,1,1,2.6,0.6
2025-04-12 15:00:00,Dundee United,St Johnstone,1,0,H,1.79,3.51,4.54,2.2,1.65,1499.15,1395.41,103.75,1.4,1.8,2,1,2,0.6,0.8,2,2,1,3,2,0,1.2,0.8
2025-04-12 15:00:00,Motherwell,Hearts,0,0,D,3.96,3.61,1.87,1.87,1.91,1432.8,1521.99,-89.19,1.4,2.0,2,1,2,1.2,1.4,2,0,3,2,3,0,1.0,1.2
2025-04-12 15:00:00,St Mirren,Ross County,3,2,H,1.68,3.77,4.94,1.99,1.81,1467.06,1409.68,57.39,2.0,2.6,1,1,3,0.2,1.0,1,0,4,2,1,2,1.0,0.6
2025-04-13 12:00:00,Aberdeen,Rangers,2,2,D,3.24,3.91,2.0,1.6,2.29,1508.83,1666.8,-157.97,1.6,1.6,2,2,1,2.4,2.2,3,0,2,2,2,1,1.4,1.6
2025-04-13 14:30:00,Hibernian,Dundee,4,0,H,1.53,4.38,5.5,1.62,2.24,1603.42,1428.42,175.0,2.2,0.6,4,1,0,2.2,1.8,2,1,2,2,1,2,1.4,1.6
2025-04-26 12:30:00,Dundee United,Celtic,0,5,A,9.73,5.52,1.29,1.46,2.63,1493.71,1766.33,-272.62,1.4,1.2,3,1,1,3.0,1.4,3,0,2,0,4,1,0.4,2.2
2025-04-26 15:00:00,St Mirren,Rangers,2,2,D,3.74,3.91,1.83,1.77,2.01,1474.85,1659.02,-184.17,2.4,2.4,2,1,2,2.0,2.2,2,1,2,2,3,0,1.2,1.2
2025-04-26 15:00:00,Motherwell,St Johnstone,3,2,H,2.33,3.16,3.14,2.25,1.62,1446.19,1382.01,64.17,1.0,1.8,1,2,2,0.4,1.0,1,2,2,2,2,1,1.4,1.4
2025-04-26 15:00:00,Kilmarnock,Ross County,2,0,H,1.61,3.74,5.71,2.04,1.75,1473.35,1396.86,76.49,1.0,2.4,1,1,3,0.6,1.4,1,0,4,1,3,1,0.4,0.8
2025-04-26 15:00:00,Aberdeen,Hibernian,1,0,H,2.35,3.39,2.93,1.85,1.94,1527.82,1584.43,-56.62,1.8,1.0,2,3,0,2.4,0.4,4,1,0,1,2,2,2.0,2.0
2025-04-26 15:00:00,Hearts,Dundee,0,1,A,1.46,4.54,6.35,1.62,2.27,1503.05,1447.36,55.68,0.6,1.2,1,1,3,2.0,2.2,2,1,2,4,1,0,3.0,1.0
2025-05-03 15:00:00,Dundee,Motherwell,1,2,A,2.17,3.44,3.22,1.78,2.02,1432.31,1461.24,-28.93,2.0,2.0,3,0,2,1.2,2.0,1,2,2,2,2,1,2.2,1.8
2025-05-03 15:00:00,Hibernian,Dundee United,3,1,H,1.74,3.75,4.51,1.92,1.87,1595.6,1482.54,113.06,2.0,0.4,3,1,1,1.0,1.8,3,0,2,1,2,2,1.8,1.8
2025-05-03 15:00:00,Ross County,Hearts,1,3,A,3.87,3.6,1.89,2.02,1.77,1386.3,1513.6,-127.3,0.4,1.8,0,0,5,0.4,1.0,1,1,3,1,1,3,1.4,1.6
2025-05-03 15:00:00,St Johnstone,Kilmarnock,0,2,A,3.08,3.23,2.34,2.19,1.66,1370.87,1484.49,-113.62,0.6,1.4,1,1,3,1.4,2.2,2,1,2,2,3,0,1.2,1.4
2025-05-03 15:00:00,St Mirren,Aberdeen,1,0,H,2.59,3.32,2.67,1.86,1.92,1492.12,1510.55,-18.43,2.4,1.8,2,2,1,1.6,0.6,3,2,0,4,1,0,2.2,1.0
2025-05-04 12:00:00,Rangers,Celtic,1,1,D,3.72,3.92,1.85,1.5,2.51,1663.51,1761.84,-98.33,2.2,2.2,2,2,1,3.0,1.0,3,0,2,2,2,1,2.0,2.0
2025-05-10 15:00:00,St Johnstone,Ross County,2,1,H,2.2,3.21,3.37,2.11,1.7,1386.54,1370.64,15.9,0.6,1.8,1,0,4,0.6,2.0,0,0,5,3,0,2,1.8,0.8
2025-05-10 15:00:00,Kilmarnock,Dundee,3,2,H,1.81,3.62,4.28,1.86,1.92,1497.26,1419.55,77.71,1.6,2.0,3,0,2,1.4,2.0,2,0,3,1,1,3,1.8,1.8
2025-05-10 15:00:00,Dundee United,St Mirren,0,2,A,2.28,3.53,2.94,1.82,1.96,1467.95,1506.7,-38.75,0.8,1.6,3,0,2,2.2,1.4,3,1,1,3,1,1,1.2,0.6
2025-05-10 15:00:00,Celtic,Hibernian,3,1,H,1.27,5.78,9.41,1.46,2.6,1770.17,1587.28,182.89,2.8,0.6,3,1,1,2.4,0.4,4,0,1,4,1,0,2.4,0.8
2025-05-10 15:00:00,Hearts,Motherwell,3,0,H,1.5,4.23,6.19,1.78,2.01,1526.36,1448.48,77.87,0.6,1.2,1,1,3,1.2,1.8,2,1,2,3,1,1,1.2,0.8
2025-05-11 12:00:00,Rangers,Aberdeen,4,0,H,1.59,4.21,5.05,1.59,2.3,1672.3,1501.76,170.54,1.8,2.0,1,3,1,1.6,0.8,3,1,1,2,1,2,1.8,1.2
2025-05-14 19:45:00,Rangers,Dundee United,3,1,H,1.37,4.93,7.64,1.43,2.7,1679.37,1460.88,218.49,1.8,1.4,1,3,1,0.6,2.0,2,0,3,4,0,1,1.8,0.4
2025-05-14 19:45:00,Motherwell,Kilmarnock,3,0,H,2.72,3.34,2.52,1.83,1.96,1465.58,1480.16,-14.59,1.0,1.6,2,1,2,2.0,1.4,4,0,1,0,2,3,0.4,1.0
2025-05-14 19:45:00,St Mirren,Hibernian,2,2,D,2.94,3.23,2.42,1.97,1.83,1510.12,1583.86,-73.74,1.6,1.2,3,1,1,2.0,1.0,3,0,2,3,0,2,2.0,0.6
2025-05-14 19:45:00,Dundee,Ross County,1,1,D,1.92,3.56,3.83,1.85,1.94,1417.45,1372.73,44.72,1.2,1.8,2,0,3,0.8,2.2,0,0,5,2,3,0,0.8,1.6
2025-05-14 19:45:00,Hearts,St Johnstone,2,1,H,1.67,3.79,5.08,1.85,1.93,1535.63,1377.27,158.36,1.2,0.6,2,1,2,1.0,1.4,2,0,3,5,0,0,1.6,0.6
2025-05-14 20:00:00,Aberdeen,Celtic,1,5,A,5.26,4.19,1.57,1.59,2.31,1496.48,1775.44,-278.96,0.8,1.4,2,1,2,2.8,0.8,3,1,1,0,3,2,0.8,3.0
2025-05-17 12:30:00,Celtic,St Mirren,1,1,D,1.24,6.76,9.3,1.28,3.42,1765.79,1519.77,246.02,3.8,0.8,4,1,0,2.0,1.2,3,2,0,5,0,0,3.4,0.8
2025-05-17 12:30:00,Dundee United,Aberdeen,2,1,H,2.87,3.6,2.3,1.7,2.11,1477.41,1479.95,-2.54,0.6,2.6,1,0,4,0.8,2.4,1,1,3,1,3,1,0.8,1.4
2025-05-17 12:30:00,Hibernian,Rangers,2,2,D,3.25,3.87,2.02,1.48,2.55,1587.88,1675.35,-87.46,2.0,1.4,2,1,2,2.4,1.2,2,3,0,1,3,1,1.2,2.0
2025-05-18 15:00:00,Kilmarnock,Hearts,0,1,A,2.6,3.38,2.63,1.85,1.92,1467.54,1548.25,-80.71,1.6,2.0,3,0,2,1.6,0.6,3,1,1,2,1,2,1.2,1.0
2025-05-18 15:00:00,Ross County,Motherwell,1,1,D,1.92,3.6,3.77,1.82,1.97,1376.65,1461.66,-85.01,1.0,2.2,0,1,4,1.6,1.2,3,1,1,2,2,1,1.2,2.2
2025-05-18 15:00:00,St Johnstone,Dundee,0,2,A,3.01,3.57,2.22,1.74,2.04,1363.99,1430.72,-66.73,1.0,1.8,1,0,4,1.0,2.0,1,1,3,1,3,1,1.2,1.8
